road_id,cluster_id
0,30
1,15
2,15
5,15
6,15
7,15
8,15
9,15
10,15
11,15
12,15
13,3
15,15
16,15
17,17
18,15
19,17
20,17
21,21
22,24
23,8
24,21
25,24
26,24
28,21
29,24
30,24
33,32
34,24
41,8
42,24
43,8
44,24
45,24
46,8
47,3
48,24
49,24
51,24
52,24
54,24
55,36
56,36
57,15
58,15
59,15
60,15
62,17
63,17
64,17
65,17
66,23
67,16
68,23
69,16
70,27
71,27
72,27
73,27
74,27
75,27
77,27
78,27
79,27
80,27
81,13
82,13
83,22
84,12
85,22
86,19
87,22
88,22
89,22
90,22
91,22
92,8
93,24
94,15
95,15
96,8
97,15
98,15
99,15
100,3
101,15
102,24
103,24
105,24
106,27
107,27
108,27
109,23
111,27
112,23
113,27
114,23
115,23
116,27
117,23
118,23
119,23
120,23
121,29
122,27
123,27
124,27
125,27
126,27
127,27
131,24
132,28
133,16
134,24
136,24
137,24
138,24
139,11
140,11
141,28
142,25
146,28
147,28
148,24
157,33
158,33
159,28
160,33
161,28
163,24
165,33
166,28
167,16
168,16
169,16
170,16
171,13
172,13
173,9
174,16
175,16
176,28
178,22
179,22
180,22
181,28
183,22
184,22
185,22
186,9
187,16
191,17
192,32
193,9
194,9
195,9
197,22
198,24
199,24
200,24
203,26
204,26
205,21
206,22
207,22
208,22
209,15
210,15
211,15
212,15
216,20
218,26
219,28
221,23
222,29
223,28
224,28
225,16
226,16
231,20
234,20
235,17
236,32
237,22
238,22
240,24
241,8
242,24
243,28
244,27
245,33
246,24
247,24
248,17
250,5
254,15
255,30
256,15
257,20
258,24
259,24
260,24
261,32
265,30
266,15
268,24
271,28
272,28
273,28
275,28
276,23
279,28
280,15
283,20
286,27
287,27
288,27
289,32
291,32
292,32
293,20
294,16
295,16
296,28
297,28
298,28
299,28
300,28
301,17
305,32
306,32
310,20
311,28
312,7
313,7
314,6
315,6
318,6
319,6
321,6
324,6
325,6
327,24
329,6
330,6
331,6
332,6
333,6
335,6
337,6
338,6
339,6
340,6
341,6
343,6
345,6
346,24
348,6
349,6
351,6
355,6
357,6
359,6
360,6
362,6
363,6
364,6
365,24
366,24
368,24
369,6
370,6
372,24
373,24
377,24
378,24
380,24
383,27
384,27
385,27
386,23
387,23
388,27
389,27
390,27
391,27
392,27
394,27
395,23
396,23
397,23
398,28
399,23
400,23
401,23
402,28
403,28
404,28
405,23
406,23
407,28
408,23
409,34
410,34
412,23
413,23
414,23
415,23
416,23
417,23
418,28
419,23
421,28
422,28
423,28
425,33
427,33
429,33
430,27
431,33
432,27
434,27
435,16
436,16
437,16
438,23
439,16
440,0
441,16
442,10
443,18
444,16
445,16
446,18
447,29
448,29
449,27
450,27
451,27
452,27
453,27
454,27
455,27
456,23
457,23
458,0
459,23
460,23
461,10
462,18
463,23
464,18
465,18
466,29
468,29
475,17
476,17
477,17
479,17
482,20
485,20
488,28
489,28
490,33
491,33
494,33
496,33
498,9
499,9
500,9
507,32
509,24
510,24
514,16
515,16
516,16
517,16
518,23
519,16
520,0
521,16
522,0
523,22
524,18
525,22
526,22
527,18
528,18
529,22
530,22
532,32
535,32
539,32
551,32
558,32
569,32
574,20
576,20
583,24
584,24
585,24
586,24
587,27
588,27
589,27
590,16
591,16
592,16
593,16
594,28
595,16
596,28
597,16
598,28
599,16
600,7
601,16
602,9
603,7
604,9
605,9
606,7
607,7
608,9
609,9
610,9
611,7
612,7
613,9
614,7
615,9
616,9
617,7
618,9
619,9
620,7
621,7
622,2
623,7
624,9
625,2
626,2
627,7
628,7
629,9
630,9
631,2
633,9
634,2
635,9
636,9
637,9
638,2
639,9
640,9
641,9
642,9
643,2
644,2
645,9
646,9
647,7
648,9
649,7
650,7
651,9
652,7
653,31
654,7
655,7
656,31
657,7
658,31
659,31
660,7
661,31
663,7
664,31
666,7
667,31
668,31
669,7
670,31
671,31
672,31
673,7
674,31
675,31
676,7
677,31
678,31
679,7
680,31
681,31
682,31
683,7
684,7
685,9
686,31
687,9
688,7
689,9
690,21
691,24
692,8
693,24
694,21
695,24
696,24
697,21
698,24
703,20
706,20
708,20
713,6
714,6
720,6
722,24
723,6
725,24
729,16
730,16
731,16
732,16
733,16
734,16
735,16
736,16
737,16
738,16
739,16
740,16
741,16
742,16
743,16
744,16
745,16
746,16
747,16
748,16
749,16
750,16
751,22
752,22
753,22
754,16
755,22
756,16
757,22
758,22
759,22
760,22
761,22
762,22
763,16
764,16
765,22
766,22
767,22
768,22
769,9
770,16
771,9
772,12
773,12
774,9
775,9
776,12
777,9
778,9
779,9
780,9
781,22
782,9
783,9
784,9
785,9
786,9
787,9
788,9
789,9
790,9
791,9
792,9
793,9
794,9
795,9
796,9
798,27
799,27
800,27
801,27
802,27
803,27
804,27
805,27
806,23
807,23
808,23
809,27
810,23
811,27
812,23
813,27
814,23
815,27
816,27
817,23
818,23
819,23
820,23
821,23
822,23
823,23
824,23
825,23
826,23
827,28
828,28
829,28
830,28
831,28
832,28
833,28
834,28
835,28
836,28
837,23
838,28
839,23
840,23
841,23
842,23
843,23
844,23
845,23
846,23
847,23
848,23
849,23
850,23
851,23
852,23
853,23
854,23
855,23
856,29
857,23
858,23
859,23
860,16
861,16
862,16
863,16
864,16
865,16
866,16
867,16
868,16
869,16
870,16
871,16
872,16
873,16
874,23
875,27
876,27
877,27
878,13
879,22
880,13
881,22
882,13
883,13
884,22
885,13
886,22
887,22
888,19
889,19
890,19
891,19
892,19
893,19
894,19
895,22
896,22
897,19
898,22
899,8
900,21
901,22
902,21
903,22
904,21
905,21
906,22
907,21
908,21
909,24
910,21
911,21
913,21
914,3
915,24
916,24
917,3
918,3
919,24
920,3
921,24
922,3
925,3
926,15
927,3
928,15
929,3
930,15
931,3
932,15
933,3
934,15
935,3
936,15
937,15
938,3
939,3
940,3
942,3
943,15
944,15
945,3
946,3
947,15
948,3
949,15
950,3
951,15
952,3
953,15
954,3
955,15
956,15
957,3
958,3
959,15
960,15
961,3
962,3
963,15
964,15
965,3
966,3
967,17
969,3
970,15
971,3
972,15
973,3
974,15
975,3
976,15
977,3
978,15
979,15
980,15
983,15
985,17
986,15
987,17
988,17
989,17
990,17
991,20
993,17
994,17
996,17
999,17
1002,17
1003,17
1004,17
1005,17
1006,17
1007,17
1008,17
1009,17
1010,17
1011,17
1012,17
1013,17
1014,20
1015,17
1016,17
1017,20
1018,20
1021,20
1022,20
1023,20
1024,20
1025,20
1026,20
1027,20
1028,20
1029,20
1030,20
1031,20
1032,20
1033,20
1034,6
1035,6
1036,20
1037,6
1039,6
1041,6
1042,6
1043,6
1046,6
1047,6
1048,6
1049,6
1050,6
1051,6
1052,6
1053,6
1054,6
1057,6
1059,6
1061,6
1063,6
1064,20
1067,6
1069,6
1070,6
1071,6
1072,6
1075,6
1076,6
1077,6
1078,6
1080,6
1082,6
1084,6
1086,6
1087,24
1088,6
1090,6
1092,6
1094,6
1095,6
1097,6
1098,6
1099,6
1100,6
1102,6
1106,24
1107,24
1108,24
1111,24
1115,24
1116,24
1117,24
1119,24
1120,24
1122,24
1123,24
1124,24
1125,24
1134,32
1135,32
1138,32
1139,32
1143,38
1145,32
1146,32
1149,32
1152,32
1156,32
1162,32
1163,32
1165,38
1167,32
1168,32
1170,38
1173,32
1179,38
1184,5
1185,5
1186,9
1187,5
1188,9
1189,4
1190,9
1192,9
1193,4
1194,4
1195,4
1196,7
1197,9
1198,7
1199,4
1200,7
1201,7
1202,7
1203,7
1204,7
1205,31
1206,31
1208,31
1209,31
1210,23
1211,23
1212,23
1213,16
1214,16
1215,16
1216,23
1217,29
1218,0
1219,29
1220,29
1221,10
1223,29
1224,29
1225,29
1226,23
1227,23
1228,23
1229,29
1230,23
1232,20
1240,24
1241,6
1244,27
1245,27
1246,27
1247,27
1248,27
1249,17
1251,32
1252,32
1253,15
1255,32
1256,17
1257,15
1262,17
1263,30
1264,15
1266,23
1267,23
1268,23
1269,23
1270,23
1271,23
1273,23
1274,23
1275,23
1276,23
1277,26
1278,23
1279,23
1280,26
1281,23
1282,26
1283,23
1284,23
1285,23
1287,34
1288,27
1289,34
1290,27
1291,28
1292,34
1293,28
1296,27
1297,27
1298,27
1299,27
1300,27
1301,27
1302,27
1303,27
1304,16
1305,16
1306,23
1307,16
1308,16
1309,0
1310,29
1311,10
1312,18
1313,29
1314,18
1315,29
1316,29
1317,29
1318,9
1319,9
1320,14
1321,9
1322,9
1323,9
1324,9
1325,9
1326,9
1327,1
1328,7
1329,9
1330,7
1331,2
1332,29
1333,29
1334,29
1343,38
1353,17
1354,30
1355,30
1357,30
1358,30
1359,30
1360,15
1361,15
1362,15
1364,30
1365,30
1366,30
1369,28
1370,28
1372,28
1373,28
1374,28
1375,27
1376,27
1377,28
1378,28
1379,27
1381,27
1383,27
1384,27
1385,27
1386,27
1387,33
1388,33
1389,33
1391,33
1393,33
1394,33
1395,33
1397,33
1398,30
1401,30
1402,15
1403,15
1404,23
1405,23
1406,23
1407,23
1408,23
1409,26
1410,27
1411,27
1412,23
1413,23
1414,23
1415,23
1416,23
1417,27
1418,27
1419,16
1420,16
1421,16
1422,16
1423,16
1424,16
1425,16
1426,16
1427,16
1428,25
1429,25
1430,28
1431,28
1432,28
1433,28
1434,11
1439,9
1440,9
1441,14
1442,14
1443,14
1444,9
1445,11
1446,9
1447,1
1448,9
1449,9
1450,2
1451,16
1452,19
1453,23
1454,23
1455,23
1456,23
1457,23
1458,23
1460,6
1462,28
1463,28
1466,28
1467,28
1469,28
1470,28
1472,23
1473,28
1474,28
1475,23
1476,9
1477,9
1478,5
1479,9
1480,9
1481,9
1482,2
1483,9
1484,1
1485,9
1486,7
1487,2
1488,9
1489,23
1490,28
1491,28
1492,28
1493,23
1494,28
1495,23
1496,23
1497,23
1498,23
1499,28
1500,23
1501,23
1502,23
1503,23
1504,23
1505,23
1506,23
1507,23
1508,23
1509,23
1510,28
1511,23
1512,28
1513,23
1514,23
1515,23
1516,29
1517,29
1518,23
1519,29
1520,29
1521,29
1522,29
1523,29
1524,29
1525,29
1526,29
1527,29
1528,16
1529,16
1530,29
1531,23
1532,23
1533,23
1534,29
1535,16
1536,23
1537,29
1538,23
1539,23
1540,23
1541,23
1542,23
1543,23
1544,23
1545,23
1546,23
1547,16
1548,23
1549,16
1550,23
1551,16
1552,23
1553,16
1554,23
1555,23
1556,16
1557,23
1558,16
1559,23
1560,16
1561,23
1562,16
1563,22
1564,23
1565,0
1566,0
1567,0
1568,0
1569,0
1570,0
1571,22
1572,16
1573,22
1574,16
1575,16
1576,16
1577,16
1578,16
1579,16
1580,16
1581,16
1582,16
1583,16
1584,16
1585,22
1586,16
1587,22
1588,16
1589,16
1590,22
1591,16
1592,16
1593,9
1594,16
1595,9
1596,9
1597,9
1598,9
1599,9
1600,9
1601,9
1602,9
1603,9
1604,9
1605,9
1606,9
1607,9
1608,9
1609,9
1610,13
1611,9
1612,13
1613,9
1614,13
1615,13
1616,9
1617,13
1618,14
1619,13
1620,9
1621,13
1622,13
1623,9
1624,9
1625,13
1626,29
1627,30
1628,15
1631,17
1632,17
1633,17
1634,17
1635,17
1636,17
1637,17
1638,17
1639,17
1640,26
1641,23
1642,26
1643,23
1644,26
1645,28
1646,23
1647,23
1648,23
1649,23
1650,23
1651,26
1652,23
1654,29
1655,18
1656,29
1657,18
1658,18
1659,22
1660,18
1661,18
1662,18
1663,18
1664,22
1665,22
1666,22
1667,22
1668,22
1669,22
1670,22
1671,22
1672,22
1673,22
1674,22
1675,22
1676,22
1677,22
1678,22
1679,22
1680,22
1682,22
1683,22
1684,22
1685,22
1686,22
1687,22
1688,22
1689,22
1690,22
1691,22
1692,22
1693,22
1694,22
1695,22
1696,22
1697,22
1698,22
1699,22
1700,22
1701,22
1702,22
1703,22
1704,22
1705,22
1706,22
1707,22
1708,22
1709,22
1710,22
1711,22
1712,22
1713,22
1714,22
1715,22
1716,22
1717,22
1718,22
1719,22
1720,22
1721,22
1722,22
1723,22
1724,22
1725,22
1727,22
1728,22
1729,22
1730,22
1731,22
1732,22
1733,22
1734,22
1735,22
1736,22
1737,22
1738,22
1739,29
1740,23
1741,29
1742,29
1743,29
1744,29
1745,29
1746,29
1747,29
1748,29
1749,29
1750,29
1751,29
1752,29
1753,29
1754,29
1755,29
1756,29
1757,29
1758,29
1759,16
1760,16
1761,29
1762,29
1763,29
1764,29
1765,16
1766,27
1767,27
1768,23
1769,16
1770,16
1771,16
1772,16
1773,16
1774,27
1775,27
1776,27
1777,16
1778,16
1779,11
1780,27
1781,27
1782,36
1783,36
1784,27
1785,36
1786,27
1787,36
1788,36
1789,36
1790,36
1791,36
1794,36
1795,36
1797,36
1800,6
1802,33
1803,22
1804,22
1805,22
1806,22
1807,22
1808,22
1809,22
1810,22
1811,22
1812,22
1813,22
1814,22
1815,19
1816,22
1817,22
1818,22
1819,19
1820,19
1821,22
1822,22
1823,22
1825,22
1826,19
1827,19
1828,22
1829,19
1830,22
1831,22
1832,19
1833,22
1834,22
1835,22
1836,19
1837,22
1838,19
1839,22
1840,24
1841,22
1842,19
1843,24
1844,24
1845,24
1846,21
1847,24
1848,24
1849,24
1851,21
1852,24
1853,24
1854,24
1855,21
1856,24
1857,24
1858,24
1859,24
1860,3
1861,24
1862,3
1863,24
1864,24
1865,24
1866,24
1867,24
1868,15
1869,24
1870,15
1872,24
1873,15
1874,24
1876,24
1877,15
1878,15
1879,24
1880,24
1881,15
1882,24
1883,15
1885,15
1886,15
1887,15
1888,15
1889,15
1891,15
1892,15
1893,15
1894,17
1895,15
1896,15
1897,15
1898,17
1899,17
1900,17
1901,17
1902,15
1903,15
1905,17
1906,17
1907,17
1908,15
1909,15
1910,17
1911,17
1912,15
1913,17
1914,15
1915,15
1916,17
1917,17
1918,17
1919,17
1920,15
1921,3
1922,15
1923,23
1924,29
1925,29
1926,23
1928,29
1929,23
1930,23
1931,23
1932,23
1934,35
1936,15
1938,15
1940,17
1941,30
1945,30
1946,15
1947,15
1948,15
1949,30
1950,30
1958,38
1972,35
1978,29
1979,29
1980,29
1981,15
1982,15
1983,24
1984,15
1985,16
1986,16
1987,27
1988,27
1989,27
1990,16
1991,16
1992,27
1993,27
1994,27
1995,16
1996,27
1997,27
1998,11
1999,27
2001,27
2002,23
2003,23
2004,23
2005,23
2006,29
2007,10
2008,29
2009,23
2010,29
2011,23
2012,23
2013,23
2014,23
2015,29
2016,29
2017,29
2018,29
2019,29
2020,29
2021,29
2022,29
2023,29
2024,29
2025,29
2026,29
2027,29
2028,14
2029,14
2030,13
2031,9
2032,9
2033,12
2034,22
2035,12
2036,22
2037,19
2038,23
2039,23
2040,23
2041,23
2042,23
2043,23
2044,23
2045,23
2046,23
2047,23
2048,26
2049,23
2051,26
2052,23
2053,23
2054,26
2055,26
2056,23
2057,26
2058,20
2061,22
2062,22
2063,14
2064,9
2065,9
2066,14
2067,11
2068,9
2069,9
2070,1
2071,9
2072,9
2073,16
2074,2
2077,9
2078,9
2079,14
2080,9
2081,9
2082,9
2083,9
2084,9
2085,1
2086,9
2087,9
2088,7
2089,9
2090,2
2091,29
2092,23
2093,23
2094,23
2095,29
2096,29
2097,29
2098,29
2099,29
2100,29
2101,29
2102,23
2103,29
2104,29
2105,29
2106,29
2107,29
2108,29
2109,29
2110,28
2111,29
2112,29
2113,27
2114,27
2115,27
2116,27
2117,27
2118,27
2119,27
2120,27
2121,27
2123,27
2124,27
2125,27
2126,27
2127,27
2128,28
2130,27
2131,27
2133,33
2134,28
2136,33
2138,28
2139,27
2140,27
2141,27
2142,28
2143,27
2144,27
2145,27
2146,33
2147,27
2148,27
2149,33
2150,27
2151,27
2152,33
2153,33
2154,27
2155,33
2156,33
2157,28
2158,28
2160,28
2162,28
2165,33
2169,28
2171,33
2172,28
2173,28
2174,28
2175,27
2177,28
2178,27
2179,28
2180,27
2181,27
2182,27
2183,23
2184,23
2185,23
2186,23
2187,23
2188,23
2189,23
2190,23
2191,23
2192,28
2193,23
2194,28
2195,23
2196,28
2197,28
2198,28
2199,28
2200,28
2201,28
2202,28
2203,28
2204,28
2205,28
2206,28
2207,28
2208,28
2209,28
2210,28
2212,23
2213,29
2214,29
2215,29
2216,29
2217,23
2218,29
2219,29
2220,29
2221,29
2223,29
2224,29
2225,29
2226,29
2227,16
2229,29
2230,29
2231,10
2248,34
2249,34
2251,28
2253,34
2254,34
2255,28
2256,28
2257,28
2258,28
2259,28
2260,23
2261,23
2262,23
2263,15
2264,15
2265,15
2266,15
2267,15
2268,16
2269,16
2270,16
2271,16
2272,1
2273,16
2274,16
2275,16
2276,16
2277,16
2278,16
2279,11
2280,16
2282,16
2283,16
2284,28
2285,28
2286,24
2287,22
2288,22
2289,21
2290,22
2291,8
2292,8
2293,22
2295,9
2296,9
2297,9
2298,9
2299,12
2300,12
2301,22
2302,12
2303,19
2304,22
2305,22
2306,20
2307,20
2308,20
2313,20
2314,27
2315,23
2316,16
2317,9
2318,12
2319,22
2320,22
2321,12
2322,22
2323,22
2327,15
2328,15
2329,30
2330,15
2332,15
2333,15
2334,15
2335,15
2336,15
2351,38
2355,9
2356,9
2357,9
2358,9
2359,9
2360,14
2361,11
2362,9
2364,9
2365,11
2366,11
2367,1
2368,16
2369,16
2370,16
2371,16
2372,16
2373,9
2374,9
2375,9
2376,9
2380,15
2383,30
2385,30
2386,15
2387,30
2388,15
2389,30
2391,15
2392,15
2394,30
2396,15
2397,15
2398,15
2399,15
2400,30
2401,30
2402,30
2403,30
2404,15
2405,30
2406,15
2407,15
2408,30
2409,15
2410,15
2411,15
2412,15
2414,15
2415,17
2416,15
2418,15
2419,17
2420,17
2422,17
2423,15
2424,17
2427,17
2428,17
2430,20
2431,17
2432,20
2433,20
2436,20
2437,20
2438,20
2441,15
2444,15
2445,20
2446,15
2447,20
2449,15
2450,20
2452,20
2454,20
2455,20
2462,20
2463,20
2466,20
2467,20
2477,20
2483,6
2485,20
2488,20
2495,6
2505,20
2508,20
2524,20
2527,20
2529,20
2530,20
2531,20
2533,20
2535,20
2541,32
2544,20
2548,20
2556,24
2559,24
2561,24
2562,24
2563,24
2567,32
2570,15
2571,30
2574,30
2576,30
2579,30
2580,30
2581,27
2582,27
2583,27
2584,27
2585,27
2587,27
2588,27
2589,27
2590,27
2592,27
2594,27
2596,15
2597,15
2599,29
2600,29
2601,29
2602,29
2603,29
2604,29
2605,29
2606,29
2607,29
2608,29
2609,29
2610,29
2611,29
2612,29
2613,29
2614,29
2615,29
2616,23
2617,29
2618,23
2619,29
2620,29
2621,29
2622,29
2623,33
2624,33
2625,33
2627,23
2628,27
2630,20
2632,24
2634,16
2635,29
2636,29
2637,29
2640,28
2641,9
2642,9
2644,32
2645,32
2646,28
2647,34
2648,28
2649,28
2650,34
2653,28
2654,34
2658,28
2659,27
2660,28
2662,28
2663,33
2664,33
2665,28
2666,33
2667,28
2669,33
2671,28
2672,28
2673,28
2674,28
2676,28
2677,28
2679,24
2680,24
2681,24
2682,8
2683,24
2684,8
2685,24
2686,24
2687,24
2688,28
2689,23
2690,28
2691,28
2692,28
2693,28
2694,28
2695,23
2696,28
2697,23
2698,23
2699,29
2700,29
2701,16
2702,16
2703,22
2704,22
2705,22
2706,0
2707,22
2708,12
2709,22
2710,22
2711,27
2712,27
2713,27
2714,27
2715,27
2716,27
2717,27
2718,27
2722,17
2724,15
2725,17
2727,17
2728,17
2729,20
2733,20
2735,17
2737,29
2738,29
2739,29
2740,29
2741,29
2742,27
2743,27
2744,27
2745,24
2746,24
2747,9
2748,9
2749,9
2750,9
2751,9
2752,9
2753,9
2754,1
2755,9
2756,11
2757,9
2758,11
2759,9
2760,9
2761,16
2763,20
2766,17
2773,20
2777,32
2778,15
2781,17
2782,17
2783,17
2784,17
2785,17
2786,17
2787,17
2788,17
2789,32
2790,32
2791,17
2792,32
2795,27
2796,27
2797,27
2798,16
2799,27
2800,11
2801,27
2802,27
2803,27
2804,8
2805,24
2806,15
2807,15
2808,8
2809,15
2810,15
2811,15
2812,24
2813,5
2814,9
2815,5
2816,9
2817,9
2818,17
2819,4
2820,4
2821,17
2822,28
2823,17
2824,17
2825,17
2826,27
2827,27
2828,27
2829,27
2830,16
2831,27
2832,11
2833,27
2834,27
2835,27
2836,27
2837,27
2838,27
2839,27
2842,27
2843,27
2844,36
2846,15
2847,15
2850,15
2853,15
2854,15
2857,20
2858,15
2860,20
2865,20
2866,20
2867,17
2870,16
2871,16
2872,23
2873,0
2874,23
2875,10
2876,18
2877,23
2878,23
2879,18
2880,29
2882,15
2884,20
2885,20
2891,20
2893,20
2894,20
2895,20
2896,20
2897,27
2898,16
2899,27
2901,27
2902,27
2904,27
2905,27
2906,27
2907,27
2908,25
2909,27
2910,27
2911,27
2912,27
2913,27
2914,17
2916,38
2918,15
2919,30
2920,15
2921,30
2922,30
2923,30
2924,17
2925,17
2926,17
2927,17
2928,17
2929,17
2930,32
2932,27
2933,27
2934,23
2935,27
2936,27
2937,23
2938,23
2939,23
2941,22
2942,22
2943,22
2944,22
2946,22
2947,22
2948,22
2949,22
2950,22
2957,16
2958,16
2959,0
2960,16
2961,10
2962,22
2963,18
2964,22
2967,33
2968,28
2969,23
2971,28
2972,28
2973,28
2974,28
2975,23
2976,26
2978,30
2979,17
2980,17
2981,17
2982,17
2983,15
2984,15
2985,15
2986,17
2987,17
2988,17
2993,16
2994,16
2995,16
2996,16
2997,16
2998,16
2999,16
3000,1
3001,16
3002,16
3003,28
3004,28
3005,28
3006,25
3007,28
3008,28
3009,28
3010,28
3011,11
3012,20
3017,20
3018,24
3024,17
3025,17
3026,17
3027,17
3028,30
3029,30
3030,30
3031,30
3032,30
3033,17
3034,17
3035,32
3036,32
3037,17
3040,32
3042,13
3043,13
3044,13
3045,13
3046,13
3047,13
3048,13
3049,22
3050,22
3051,22
3052,22
3053,22
3054,21
3055,21
3056,22
3057,22
3058,21
3059,22
3060,21
3061,22
3062,22
3063,21
3064,22
3065,22
3066,21
3067,22
3068,22
3069,24
3071,24
3072,24
3073,24
3074,24
3075,24
3076,8
3077,24
3078,24
3079,24
3080,8
3081,8
3082,8
3083,24
3084,15
3085,15
3086,15
3087,15
3088,15
3089,15
3090,15
3091,15
3092,15
3093,15
3094,15
3095,15
3096,15
3097,30
3098,30
3099,30
3100,30
3101,30
3102,30
3103,30
3104,30
3105,30
3106,30
3107,30
3108,15
3109,30
3110,30
3111,15
3113,30
3114,15
3115,30
3116,30
3117,15
3118,15
3119,15
3120,15
3122,15
3125,17
3126,17
3128,30
3129,15
3130,30
3131,15
3133,30
3134,30
3135,17
3136,30
3137,17
3138,17
3139,17
3140,17
3141,17
3142,17
3145,32
3149,0
3150,22
3151,0
3152,0
3153,28
3154,28
3155,28
3156,28
3157,34
3158,34
3160,28
3161,28
3162,28
3163,28
3164,28
3165,28
3166,23
3167,28
3168,28
3169,28
3170,28
3171,23
3172,9
3173,9
3174,9
3175,5
3176,9
3177,9
3178,9
3179,4
3180,9
3181,4
3182,9
3183,31
3184,31
3185,2
3186,31
3187,31
3191,28
3193,33
3194,33
3195,28
3196,28
3198,33
3199,33
3202,29
3203,10
3204,10
3205,23
3206,10
3207,29
3208,10
3209,29
3210,29
3211,10
3212,23
3213,23
3214,10
3215,10
3216,23
3217,10
3218,16
3219,10
3220,16
3222,10
3223,29
3224,10
3225,16
3226,0
3227,16
3228,0
3229,22
3230,22
3231,0
3232,0
3233,22
3234,0
3235,22
3236,0
3237,16
3238,0
3239,22
3240,0
3241,16
3242,0
3243,16
3244,0
3245,22
3246,12
3247,22
3248,22
3249,12
3250,22
3251,12
3252,12
3253,12
3254,22
3255,12
3256,9
3257,12
3258,9
3259,12
3260,22
3261,22
3262,12
3263,9
3264,9
3265,9
3266,12
3267,12
3268,9
3269,9
3270,12
3271,9
3272,9
3273,12
3274,30
3275,15
3276,30
3277,30
3278,15
3279,30
3280,30
3281,15
3282,30
3283,30
3284,30
3286,30
3287,30
3290,30
3291,30
3292,30
3293,15
3294,30
3295,30
3296,15
3298,15
3299,15
3300,15
3301,30
3302,15
3304,15
3305,15
3306,15
3307,15
3308,15
3309,15
3312,15
3313,15
3314,17
3315,17
3319,17
3321,15
3323,17
3324,17
3325,20
3326,17
3327,17
3328,20
3329,17
3330,17
3331,17
3333,17
3334,17
3335,17
3336,17
3337,17
3338,17
3339,17
3340,17
3341,17
3342,15
3343,17
3345,15
3346,17
3348,15
3349,20
3350,15
3352,15
3353,20
3354,15
3355,20
3358,20
3359,20
3360,20
3364,20
3367,20
3368,20
3370,20
3371,20
3373,20
3376,20
3377,20
3379,20
3381,34
3382,27
3383,34
3384,28
3386,34
3387,28
3390,28
3391,27
3392,28
3394,28
3395,28
3396,28
3397,28
3398,28
3399,28
3400,28
3405,17
3406,20
3409,17
3410,17
3411,17
3413,17
3414,17
3415,15
3416,17
3424,17
3425,17
3426,32
3427,15
3429,26
3430,26
3431,26
3432,29
3433,29
3434,29
3435,29
3436,29
3437,26
3438,26
3439,23
3440,26
3441,26
3442,26
3443,26
3444,26
3445,29
3446,26
3447,29
3448,26
3449,29
3450,29
3452,29
3453,23
3454,23
3455,23
3456,23
3457,23
3458,23
3459,23
3460,23
3461,23
3462,29
3463,23
3464,29
3465,23
3466,23
3467,23
3468,23
3469,10
3470,29
3471,10
3472,23
3473,23
3474,23
3475,23
3476,23
3477,23
3478,23
3479,23
3480,23
3481,23
3482,23
3483,23
3484,29
3485,23
3486,23
3487,23
3488,23
3489,29
3490,29
3492,27
3494,27
3495,27
3496,27
3497,27
3498,27
3499,27
3500,27
3509,24
3515,24
3517,24
3522,26
3523,29
3524,26
3525,29
3526,29
3527,26
3528,23
3529,26
3530,26
3531,26
3532,26
3533,26
3534,23
3535,26
3536,26
3537,26
3538,26
3539,23
3540,23
3541,23
3542,23
3543,23
3544,23
3545,23
3546,23
3547,23
3548,23
3549,29
3550,23
3551,10
3552,23
3553,29
3554,10
3555,10
3556,10
3557,29
3558,10
3559,10
3560,10
3561,23
3562,10
3563,10
3564,10
3565,23
3566,10
3567,10
3568,29
3569,10
3570,29
3571,29
3572,29
3573,29
3574,23
3575,23
3576,29
3577,23
3578,23
3579,29
3580,23
3581,9
3582,9
3583,9
3584,9
3585,5
3587,9
3588,2
3589,2
3590,2
3591,9
3592,1
3593,9
3594,2
3595,9
3596,7
3597,2
3598,2
3599,2
3600,9
3601,9
3602,14
3603,9
3604,14
3605,9
3606,14
3607,11
3608,14
3609,1
3610,14
3611,9
3612,2
3613,16
3614,5
3615,5
3616,9
3617,9
3618,9
3619,9
3620,4
3621,9
3622,4
3623,31
3624,7
3625,7
3626,31
3627,31
3628,31
3629,33
3630,33
3631,28
3632,28
3633,16
3634,16
3635,16
3636,16
3637,16
3638,16
3639,16
3640,25
3641,25
3642,16
3643,25
3645,11
3646,15
3647,15
3648,15
3649,15
3650,30
3652,17
3653,30
3654,17
3655,17
3656,17
3657,17
3658,17
3659,15
3660,30
3661,15
3662,30
3663,30
3664,30
3665,17
3666,17
3667,17
3668,17
3669,17
3670,17
3671,9
3672,9
3673,9
3674,9
3675,9
3676,9
3677,9
3678,11
3679,1
3680,11
3681,11
3682,11
3683,16
3684,11
3685,16
3686,28
3687,28
3688,17
3689,32
3690,15
3692,15
3693,17
3696,17
3697,17
3698,16
3699,16
3700,16
3701,16
3702,16
3703,16
3704,16
3705,25
3706,25
3707,16
3708,11
3710,16
3711,23
3712,23
3713,23
3714,23
3715,23
3716,23
3717,29
3718,23
3719,29
3720,23
3721,23
3722,29
3723,29
3724,29
3725,20
3732,20
3733,6
3734,24
3735,29
3736,29
3737,29
3738,29
3739,23
3740,23
3741,29
3742,29
3744,29
3745,29
3746,9
3747,9
3748,5
3749,9
3750,9
3751,9
3752,9
3753,4
3754,9
3755,4
3756,7
3757,9
3758,9
3759,2
3764,16
3765,16
3766,16
3767,27
3768,27
3769,27
3770,16
3771,16
3772,27
3773,11
3774,27
3775,27
3776,27
3777,27
3779,27
3784,36
3785,23
3789,8
3790,15
3791,15
3792,15
3793,15
3794,24
3795,27
3796,16
3797,16
3798,16
3799,8
3800,15
3801,15
3802,15
3803,24
3804,15
3805,24
3806,33
3807,33
3808,27
3809,27
3810,27
3811,27
3812,27
3813,27
3814,33
3815,27
3816,27
3817,27
3818,27
3819,27
3820,28
3821,27
3822,27
3823,27
3824,27
3825,27
3826,27
3827,28
3828,28
3829,28
3830,28
3833,33
3834,33
3835,27
3836,27
3838,33
3839,17
3840,15
3841,15
3842,15
3844,17
3846,15
3847,15
3848,30
3851,30
3854,30
3855,15
3856,30
3857,30
3858,30
3859,15
3860,15
3861,30
3862,15
3863,30
3864,15
3865,15
3866,15
3867,17
3868,27
3869,16
3870,27
3871,16
3872,25
3873,25
3874,25
3875,25
3876,11
3877,24
3878,8
3879,8
3880,24
3881,24
3882,24
3886,20
3893,16
3894,27
3895,11
3896,27
3897,27
3898,33
3899,33
3900,27
3903,27
3905,33
3906,27
3907,36
3908,27
3909,16
3910,16
3911,16
3912,0
3913,22
3914,9
3915,22
3916,12
3917,22
3918,22
3919,22
3920,22
3921,22
3922,22
3923,21
3924,22
3926,27
3927,23
3928,27
3929,27
3930,27
3931,27
3933,27
3934,27
3935,9
3936,9
3937,14
3938,9
3939,9
3940,9
3941,9
3942,1
3943,9
3944,9
3945,9
3946,2
3947,9
3948,33
3949,33
3950,33
3951,33
3952,33
3954,27
3958,28
3959,33
3961,28
3963,27
3964,25
3965,27
3966,27
3967,23
3968,34
3969,28
3970,28
3971,28
3972,28
3973,28
3974,28
3975,28
3976,28
3977,28
3978,28
3979,28
3980,28
3981,28
3982,23
3983,23
3984,23
3985,23
3986,16
3987,22
3988,22
3989,22
3990,22
3991,0
3992,22
3993,22
3994,22
3995,22
3996,22
3997,22
3999,22
4000,22
4001,16
4002,16
4003,18
4004,22
4005,18
4006,22
4007,22
4008,22
4010,28
4011,27
4012,27
4013,27
4014,27
4015,33
4016,27
4017,28
4018,33
4022,28
4023,33
4024,28
4025,28
4026,28
4027,33
4028,28
4029,28
4030,28
4031,28
4033,32
4034,32
4035,27
4036,27
4037,33
4038,28
4039,27
4041,27
4042,27
4043,22
4044,22
4045,22
4046,22
4047,16
4048,16
4049,16
4050,0
4051,16
4052,16
4053,18
4054,18
4055,16
4056,18
4057,16
4058,18
4059,15
4060,30
4061,30
4062,15
4063,15
4064,15
4065,15
4066,17
4081,32
4082,32
4083,32
4084,17
4091,24
4095,16
4096,16
4097,16
4098,29
4099,27
4100,27
4101,27
4102,27
4103,27
4104,27
4105,27
4106,27
4107,27
4108,27
4112,27
4113,34
4114,34
4115,27
4116,27
4117,27
4118,27
4119,27
4120,27
4123,20
4125,20
4126,34
4130,8
4131,15
4132,15
4133,15
4134,15
4135,24
4136,24
4137,29
4138,29
4139,17
4141,20
4142,17
4143,17
4145,32
4147,32
4148,32
4149,23
4152,16
4153,16
4154,16
4166,24
4169,20
4172,17
4173,17
4174,17
4176,32
4177,15
4178,20
4181,17
4184,20
4188,6
4190,32
4191,32
4192,17
4194,15
4195,17
4196,17
4201,20
4202,20
4205,17
4206,17
4208,22
4209,22
4210,22
4211,22
4213,22
4214,22
4215,22
4216,22
4217,22
4218,22
4219,28
4220,28
4221,28
4222,28
4223,25
4224,28
4226,27
4227,27
4229,9
4230,9
4231,9
4232,5
4233,9
4234,9
4235,9
4236,4
4237,9
4238,4
4239,7
4240,9
4241,9
4242,2
4243,9
4245,31
4248,28
4252,16
4253,16
4254,16
4255,0
4256,18
4257,16
4258,18
4259,18
4260,22
4261,22
4262,30
4263,30
4264,30
4265,17
4266,17
4267,17
4268,17
4269,17
4270,17
4271,17
4272,32
4273,32
4274,23
4275,23
4276,28
4277,16
4278,23
4279,23
4280,9
4281,9
4282,5
4283,9
4284,9
4285,9
4286,2
4287,1
4288,9
4289,9
4290,7
4291,2
4292,9
4293,28
4295,22
4296,22
4297,22
4298,22
4299,22
4300,22
4301,22
4303,17
4305,20
4310,16
4311,24
4312,24
4313,21
4314,8
4315,21
4316,24
4318,9
4319,9
4320,9
4321,9
4322,1
4323,11
4324,11
4325,11
4326,11
4327,16
4328,16
4329,30
4330,30
4331,15
4333,30
4334,15
4335,30
4336,30
4338,30
4339,30
4340,15
4341,15
4342,15
4344,17
4345,17
4346,17
4347,17
4348,5
4349,15
4350,15
4351,17
4352,17
4353,17
4354,17
4355,17
4356,27
4357,27
4358,27
4360,27
4361,11
4362,27
4366,17
4367,20
4370,17
4371,17
4372,17
4376,16
4377,16
4378,16
4379,16
4380,29
4381,29
4382,29
4383,23
4384,29
4385,29
4387,16
4388,25
4389,25
4390,25
4391,25
4392,25
4393,11
4395,28
4396,28
4397,16
4398,16
4399,28
4400,28
4405,20
4407,20
4410,15
4411,20
4412,20
4415,23
4416,16
4417,27
4418,27
4419,16
4420,16
4421,23
4422,0
4423,18
4424,18
4425,18
4426,29
4428,29
4429,27
4430,11
4431,23
4432,23
4433,23
4435,15
4437,9
4438,9
4439,9
4440,5
4441,9
4442,31
4443,31
4444,9
4445,31
4446,4
4447,7
4448,31
4449,31
4450,2
4451,31
4452,7
4457,0
4458,0
4459,19
4460,19
4461,17
4462,17
4463,17
4464,30
4466,17
4467,17
4468,17
4469,17
4470,17
4471,17
4472,32
4473,17
4474,32
4475,32
4476,17
4477,17
4479,23
4480,23
4481,23
4482,23
4483,29
4484,23
4485,29
4486,29
4487,29
4488,9
4489,9
4490,5
4491,9
4492,9
4493,9
4494,2
4495,9
4496,1
4497,9
4498,7
4499,9
4500,9
4501,2
4502,23
4503,23
4504,28
4505,23
4506,28
4509,17
4510,17
4511,17
4523,20
4525,20
4527,20
4546,20
4548,27
4549,28
4550,27
4551,29
4552,0
4553,23
4554,23
4555,0
4556,23
4557,0
4558,0
4559,16
4560,0
4561,16
4562,0
4563,16
4564,16
4565,0
4566,15
4567,15
4568,15
4570,15
4571,15
4572,15
4573,15
4574,15
4576,15
4579,15
4580,15
4581,15
4582,17
4583,15
4585,15
4587,15
4588,15
4591,15
4592,20
4593,17
4594,15
4595,15
4596,17
4597,17
4598,15
4599,15
4600,17
4601,20
4602,15
4603,15
4605,15
4607,20
4608,15
4609,15
4611,15
4612,20
4613,0
4614,22
4615,16
4616,0
4617,22
4618,0
4619,22
4620,16
4621,16
4622,22
4623,0
4624,0
4625,9
4626,9
4627,9
4628,16
4629,9
4630,9
4631,9
4632,9
4633,9
4634,9
4635,9
4636,9
4637,9
4638,9
4639,13
4640,9
4641,13
4642,13
4643,13
4644,13
4645,13
4646,9
4647,9
4648,9
4649,13
4650,9
4651,13
4653,20
4654,20
4656,20
4657,20
4659,20
4664,20
4671,30
4672,30
4673,30
4675,30
4676,30
4677,30
4679,30
4680,30
4684,30
4685,30
4687,30
4688,30
4690,30
4691,30
4692,17
4693,15
4695,17
4697,17
4698,9
4699,9
4700,9
4701,12
4702,19
4703,22
4704,22
4705,22
4706,23
4707,23
4708,23
4709,23
4710,23
4711,23
4712,27
4713,23
4714,23
4715,27
4716,23
4717,23
4718,16
4719,16
4720,16
4721,16
4722,16
4723,16
4724,25
4725,16
4726,25
4727,27
4728,23
4729,23
4730,23
4731,23
4732,23
4733,23
4734,23
4735,27
4736,23
4737,27
4738,23
4739,27
4740,27
4741,27
4742,27
4743,27
4744,27
4745,17
4747,17
4748,17
4749,17
4750,20
4752,20
4753,9
4754,24
4755,9
4757,33
4758,27
4759,33
4760,28
4761,28
4762,28
4763,33
4764,33
4765,33
4766,9
4767,9
4768,9
4769,9
4770,9
4771,9
4772,9
4773,1
4774,9
4775,1
4776,11
4777,9
4778,16
4779,16
4780,16
4791,29
4792,29
4793,29
4794,29
4795,23
4796,29
4797,23
4798,29
4799,29
4800,16
4801,16
4802,9
4803,16
4804,16
4805,9
4806,9
4807,9
4808,9
4809,17
4811,27
4813,27
4815,27
4817,27
4819,28
4820,28
4821,27
4822,28
4824,27
4825,28
4826,23
4827,23
4828,23
4829,27
4830,23
4831,16
4832,27
4833,16
4834,16
4835,16
4836,16
4837,16
4838,27
4839,27
4840,11
4841,27
4842,27
4844,27
4845,27
4846,28
4847,28
4848,28
4849,28
4850,27
4851,27
4852,27
4853,34
4854,34
4855,28
4856,34
4857,28
4858,23
4861,23
4862,28
4863,28
4864,28
4865,28
4866,28
4867,28
4868,28
4869,28
4871,28
4872,28
4873,23
4874,28
4875,28
4876,28
4877,29
4878,29
4881,29
4882,29
4883,29
4884,29
4885,29
4886,22
4887,12
4888,22
4889,19
4890,29
4891,29
4892,23
4893,23
4894,29
4895,29
4896,9
4897,14
4898,22
4899,12
4900,22
4901,19
4903,22
4905,38
4907,38
4911,17
4912,15
4913,17
4921,17
4926,17
4928,24
4930,24
4932,24
4934,24
4937,24
4938,24
4939,15
4940,24
4942,24
4943,15
4945,15
4947,24
4949,24
4950,22
4951,22
4953,24
4954,24
4955,24
4959,6
4962,20
4965,20
4966,20
4973,17
4974,15
4976,17
4977,15
4980,15
4982,17
4985,17
4987,17
4989,17
4990,17
4991,17
4993,17
4995,17
4996,17
4997,17
4999,20
5002,20
5004,20
5006,23
5007,23
5008,30
5009,30
5011,28
5012,28
5013,23
5014,23
5015,23
5016,23
5017,23
5018,28
5019,23
5020,28
5021,23
5022,23
5023,23
5024,23
5025,23
5026,23
5027,23
5028,29
5029,23
5030,29
5031,29
5032,29
5033,29
5035,24
5037,19
5038,19
5039,22
5040,19
5041,19
5042,8
5043,22
5044,21
5045,8
5046,21
5047,8
5048,22
5049,8
5050,21
5051,8
5052,24
5053,8
5054,24
5055,21
5056,8
5057,24
5058,24
5059,8
5060,24
5061,8
5062,8
5063,8
5064,15
5065,15
5066,15
5067,15
5068,15
5069,15
5070,15
5071,15
5072,15
5073,15
5074,15
5075,15
5076,15
5077,15
5078,15
5079,15
5080,15
5081,15
5082,15
5084,15
5086,15
5087,15
5088,15
5089,15
5090,15
5091,15
5092,15
5093,15
5094,15
5095,15
5096,15
5097,15
5098,15
5099,15
5101,15
5102,15
5103,15
5104,15
5105,17
5106,17
5107,17
5108,15
5109,15
5110,17
5111,17
5112,17
5113,15
5115,17
5119,17
5120,17
5122,17
5123,17
5125,17
5127,17
5128,20
5129,20
5131,20
5133,20
5134,20
5135,20
5137,20
5139,20
5141,20
5143,20
5144,20
5145,20
5146,20
5148,20
5149,20
5151,20
5152,20
5153,20
5155,20
5156,20
5160,20
5161,6
5162,20
5164,6
5167,24
5170,24
5188,20
5191,37
5192,20
5193,20
5195,24
5199,20
5201,20
5208,20
5209,24
5211,24
5224,28
5225,28
5226,28
5227,28
5228,28
5229,28
5230,28
5231,16
5232,16
5233,16
5234,16
5235,27
5236,16
5237,27
5238,16
5239,16
5240,27
5241,16
5242,16
5243,27
5244,16
5245,27
5246,25
5247,25
5248,25
5249,25
5250,28
5251,25
5252,25
5253,25
5254,16
5255,25
5256,28
5257,25
5258,25
5259,16
5260,25
5261,16
5262,25
5263,16
5265,25
5266,11
5267,11
5268,11
5269,16
5270,16
5271,11
5272,11
5273,16
5274,16
5275,11
5276,16
5277,11
5278,28
5279,11
5280,28
5281,11
5282,9
5283,11
5284,16
5285,11
5286,16
5287,11
5288,16
5289,11
5290,11
5291,11
5292,14
5293,16
5294,9
5295,16
5296,16
5297,16
5298,9
5299,9
5300,9
5301,9
5302,9
5303,7
5304,9
5305,7
5306,9
5307,7
5308,9
5309,7
5310,9
5311,9
5312,7
5313,7
5314,7
5315,9
5316,7
5317,31
5318,7
5319,9
5320,9
5321,7
5322,7
5323,31
5324,7
5325,9
5326,7
5327,7
5328,7
5329,9
5330,7
5331,28
5332,17
5333,28
5334,17
5335,17
5336,28
5337,17
5338,17
5339,17
5340,17
5341,17
5342,17
5343,17
5344,17
5345,32
5346,17
5347,17
5348,17
5349,17
5350,17
5351,17
5352,17
5353,17
5355,17
5356,17
5357,17
5358,17
5359,17
5360,17
5361,17
5362,32
5363,17
5364,32
5365,17
5366,32
5367,17
5368,17
5369,32
5370,17
5371,17
5374,17
5376,28
5377,17
5379,17
5380,15
5381,15
5382,5
5383,15
5384,5
5385,5
5386,24
5387,8
5388,27
5389,27
5390,27
5391,27
5392,27
5393,22
5394,19
5395,22
5396,22
5397,19
5398,21
5399,22
5400,21
5401,22
5402,21
5403,22
5404,21
5405,21
5406,22
5407,24
5408,21
5409,21
5410,24
5411,21
5412,21
5413,24
5414,8
5415,8
5416,8
5417,24
5418,15
5419,8
5420,15
5421,8
5422,15
5423,8
5424,15
5425,8
5426,15
5427,15
5428,8
5429,15
5430,8
5431,15
5432,15
5433,15
5434,15
5435,15
5436,15
5444,11
5445,28
5454,9
5455,9
5456,12
5457,22
5458,22
5459,22
5462,16
5463,16
5464,12
5465,22
5466,22
5467,22
5468,22
5469,22
5472,20
5475,23
5476,9
5477,14
5478,9
5479,9
5480,9
5481,11
5482,1
5483,9
5484,9
5485,16
5487,20
5488,20
5490,20
5491,20
5492,27
5493,27
5494,16
5495,16
5496,18
5497,16
5498,18
5499,29
5500,29
5501,16
5502,16
5503,27
5504,16
5505,1
5506,16
5507,16
5509,9
5511,9
5512,9
5513,9
5514,30
5515,30
5517,30
5518,30
5519,30
5520,17
5521,17
5522,32
5523,32
5524,32
5525,32
5527,34
5528,27
5529,27
5530,33
5531,33
5532,33
5533,16
5534,16
5535,22
5536,22
5537,20
5538,20
5539,9
5540,9
5541,9
5542,1
5543,11
5544,11
5545,9
5546,28
5547,20
5549,20
5550,20
5553,6
5556,6
5558,6
5561,33
5564,33
5565,33
5568,33
5569,33
5570,27
5571,27
5572,27
5573,27
5574,27
5575,27
5576,27
5577,29
5578,23
5579,23
5581,34
5582,27
5583,27
5584,27
5585,27
5586,23
5587,23
5588,23
5589,27
5590,23
5591,15
5592,17
5593,17
5594,17
5595,17
5596,17
5597,17
5598,17
5599,17
5600,17
5601,17
5602,17
5603,32
5604,17
5605,17
5609,27
5610,27
5611,27
5612,27
5613,27
5614,5
5615,9
5616,9
5617,9
5618,9
5619,9
5620,4
5621,28
5622,28
5623,4
5624,17
5628,9
5629,5
5630,9
5631,5
5632,9
5633,9
5634,4
5635,9
5636,9
5637,4
5638,9
5639,7
5640,11
5641,27
5642,27
5643,27
5644,27
5645,27
5646,27
5647,36
5648,27
5649,36
5651,36
5652,36
5653,36
5654,36
5655,36
5669,29
5670,23
5671,23
5672,18
5673,18
5674,16
5675,18
5676,29
5677,18
5678,16
5679,22
5680,22
5681,22
5682,22
5683,16
5684,12
5685,12
5686,22
5687,12
5688,12
5689,12
5690,22
5691,12
5692,22
5693,12
5694,22
5695,22
5696,12
5697,12
5698,22
5699,22
5700,12
5701,22
5702,12
5703,9
5704,22
5705,12
5706,12
5707,12
5719,29
5720,29
5721,29
5722,29
5723,30
5724,30
5726,30
5727,30
5728,17
5729,17
5730,17
5733,30
5734,30
5735,30
5736,9
5737,9
5738,5
5739,9
5740,9
5741,9
5742,9
5743,9
5744,1
5745,2
5746,7
5747,15
5748,30
5749,30
5750,17
5751,17
5752,17
5753,17
5754,17
5755,26
5756,26
5757,26
5758,18
5759,22
5760,22
5761,18
5762,23
5763,23
5764,23
5765,26
5766,22
5767,22
5768,16
5769,1
5770,28
5771,28
5772,16
5773,28
5774,28
5775,28
5776,28
5777,28
5778,28
5779,28
5780,28
5781,11
5782,11
5783,11
5784,28
5785,28
5786,16
5787,16
5788,16
5789,16
5790,16
5791,16
5792,16
5793,16
5794,11
5795,28
5796,17
5797,17
5799,28
5800,23
5801,28
5802,28
5803,28
5804,28
5805,28
5806,23
5807,28
5808,23
5809,23
5810,23
5811,23
5812,28
5813,23
5814,23
5815,23
5816,23
5817,23
5818,23
5819,23
5820,27
5821,16
5822,16
5823,16
5824,27
5825,16
5829,23
5830,28
5831,28
5832,17
5833,17
5835,17
5837,28
5839,28
5841,28
5842,28
5843,34
5844,28
5845,28
5846,27
5847,27
5848,28
5849,28
5850,28
5856,32
5866,32
5867,32
5868,16
5869,16
5870,16
5871,16
5872,16
5873,16
5874,1
5875,16
5876,16
5877,16
5878,16
5879,16
5880,16
5881,16
5882,11
5883,16
5885,24
5895,28
5896,28
5897,28
5898,28
5899,5
5900,9
5901,9
5902,5
5903,9
5904,9
5905,9
5906,4
5907,4
5908,9
5909,31
5910,7
5911,31
5912,31
5913,18
5914,29
5920,28
5921,16
5922,16
5925,17
5926,17
5927,17
5928,17
5929,15
5930,15
5931,15
5932,16
5933,16
5934,16
5935,16
5936,16
5937,16
5938,16
5939,16
5940,16
5941,16
5942,16
5943,16
5944,16
5945,16
5946,16
5947,16
5948,16
5949,16
5950,16
5951,16
5952,16
5953,16
5954,16
5955,16
5956,16
5957,16
5958,16
5959,16
5960,16
5961,9
5962,9
5963,9
5964,9
5965,9
5966,9
5967,16
5968,9
5969,9
5970,9
5971,9
5972,9
5973,9
5974,9
5975,14
5976,9
5977,14
5978,9
5979,14
5980,14
5981,9
5982,14
5983,14
5984,9
5985,14
5986,9
5987,5
5988,9
5989,5
5990,9
5991,5
5992,9
5993,9
5994,5
5995,9
5996,5
5997,9
5998,5
5999,9
6000,5
6001,9
6002,5
6003,9
6004,5
6005,9
6006,5
6007,9
6008,5
6009,5
6010,28
6011,9
6012,5
6013,30
6014,30
6015,15
6016,15
6017,15
6018,15
6019,15
6020,15
6021,30
6022,15
6023,15
6024,30
6025,15
6026,17
6027,17
6028,30
6029,17
6030,30
6032,17
6033,32
6035,32
6036,32
6037,32
6038,32
6039,32
6041,32
6044,15
6045,17
6046,17
6047,17
6048,20
6055,16
6056,16
6057,16
6058,16
6059,25
6060,16
6061,11
6062,28
6069,9
6070,9
6071,19
6072,22
6074,22
6076,28
6078,9
6079,9
6080,9
6081,9
6082,4
6083,1
6084,9
6085,2
6086,9
6087,16
6088,22
6089,22
6090,22
6091,22
6092,16
6093,16
6094,16
6095,16
6096,16
6097,27
6098,27
6099,11
6100,27
6101,27
6102,27
6103,27
6104,27
6106,36
6107,36
6111,36
6120,34
6121,27
6122,27
6123,27
6124,27
6125,27
6126,27
6127,22
6128,22
6129,22
6130,16
6131,16
6132,15
6133,15
6134,30
6135,15
6136,15
6137,15
6141,15
6142,30
6143,15
6144,30
6145,30
6150,26
6151,26
6152,26
6153,23
6154,26
6155,26
6156,23
6157,23
6158,26
6159,23
6160,23
6161,27
6162,25
6163,25
6164,25
6165,27
6166,27
6167,11
6168,29
6171,16
6172,28
6173,16
6174,16
6175,16
6176,16
6177,16
6178,16
6179,16
6180,16
6181,16
6182,1
6183,16
6184,1
6185,1
6186,1
6187,16
6188,1
6189,16
6190,1
6191,16
6192,16
6193,1
6194,1
6195,28
6196,1
6197,9
6198,1
6199,11
6200,1
6201,1
6202,11
6203,16
6204,11
6205,11
6206,11
6207,9
6208,9
6209,11
6210,11
6211,9
6212,11
6213,14
6214,11
6215,9
6216,9
6217,9
6218,9
6219,9
6220,9
6221,9
6222,9
6223,4
6224,4
6225,9
6226,9
6227,31
6228,4
6229,4
6230,9
6231,4
6232,9
6233,4
6234,9
6235,4
6236,9
6237,28
6238,4
6239,9
6240,4
6241,17
6242,17
6243,4
6244,17
6245,17
6246,17
6247,30
6248,17
6249,17
6250,17
6251,17
6252,30
6253,17
6254,17
6255,17
6256,17
6257,17
6259,17
6260,17
6261,17
6262,30
6263,30
6264,17
6265,30
6266,17
6267,17
6268,32
6270,9
6271,22
6272,9
6273,9
6274,9
6275,1
6276,2
6277,9
6278,28
6279,28
6280,28
6281,28
6282,34
6283,34
6284,15
6286,30
6287,30
6290,30
6292,30
6293,15
6296,15
6297,15
6299,15
6300,15
6302,30
6303,30
6305,30
6306,30
6307,30
6308,30
6310,15
6311,30
6312,30
6313,30
6314,15
6315,30
6316,30
6320,20
6321,20
6322,20
6325,20
6327,20
6328,20
6332,6
6333,28
6335,33
6336,33
6337,17
6339,23
6340,23
6341,23
6342,23
6343,9
6344,9
6345,9
6346,4
6347,31
6348,2
6349,31
6350,31
6351,31
6352,31
6354,17
6355,17
6356,17
6357,17
6358,17
6359,17
6360,17
6361,9
6362,9
6363,16
6364,16
6365,16
6366,16
6367,16
6369,16
6370,9
6371,14
6372,1
6373,14
6374,16
6375,14
6376,9
6377,27
6378,33
6379,33
6380,27
6381,27
6382,27
6383,15
6384,30
6385,29
6386,23
6387,23
6388,23
6389,23
6391,23
6392,23
6393,23
6394,23
6395,29
6396,29
6397,29
6398,29
6399,23
6400,23
6401,23
6402,23
6403,27
6405,17
6406,17
6407,20
6411,20
6412,20
6415,20
6423,28
6424,16
6425,28
6426,25
6427,16
6428,28
6429,28
6430,11
6431,28
6432,28
6433,28
6435,5
6436,9
6437,9
6438,9
6439,7
6440,4
6441,7
6442,7
6443,11
6444,11
6445,11
6446,16
6450,32
6451,17
6452,22
6453,22
6454,9
6455,17
6456,17
6457,17
6458,17
6459,17
6460,28
6461,27
6462,27
6463,27
6464,11
6465,27
6466,27
6467,27
6468,36
6469,36
6470,27
6471,27
6473,27
6474,36
6475,36
6476,36
6477,16
6478,16
6479,16
6480,16
6481,29
6482,29
6483,23
6484,29
6485,29
6486,20
6488,20
6496,9
6497,9
6498,16
6499,16
6500,16
6501,16
6502,23
6503,23
6504,18
6505,29
6506,29
6507,29
6508,16
6509,17
6510,30
6511,17
6512,17
6513,17
6514,19
6515,22
6516,23
6517,28
6518,28
6519,23
6520,23
6521,29
6522,29
6523,29
6524,29
6525,16
6528,23
6529,23
6530,23
6531,23
6532,23
6533,23
6534,26
6535,20
6536,20
6539,24
6544,20
6553,24
6560,24
6564,24
6565,16
6566,16
6567,16
6568,16
6569,16
6570,16
6572,24
6573,6
6575,29
6576,17
6577,30
6579,17
6580,17
6581,17
6582,17
6583,17
6585,27
6586,27
6587,27
6588,16
6589,27
6590,27
6591,27
6592,27
6593,25
6594,25
6595,16
6596,25
6597,16
6598,16
6599,16
6600,16
6601,16
6602,16
6603,28
6604,16
6605,16
6606,16
6607,16
6608,16
6609,16
6610,16
6611,11
6612,16
6613,11
6614,28
6615,9
6616,11
6617,1
6618,11
6619,1
6620,16
6621,11
6622,1
6623,1
6624,9
6625,1
6626,16
6627,1
6628,9
6629,1
6630,9
6631,9
6632,1
6633,4
6634,4
6635,9
6636,4
6637,9
6638,4
6639,9
6640,4
6641,9
6642,9
6643,4
6644,9
6645,4
6646,17
6647,28
6648,17
6649,17
6650,17
6651,30
6652,17
6653,17
6654,17
6655,17
6656,30
6657,17
6658,17
6659,17
6660,17
6661,17
6662,17
6663,17
6664,30
6665,17
6666,30
6669,32
6674,29
6675,29
6676,22
6677,19
6678,22
6679,22
6680,9
6681,9
6682,22
6683,19
6684,15
6685,15
6686,17
6687,30
6688,30
6689,17
6690,32
6691,17
6692,28
6693,9
6694,9
6695,28
6696,28
6699,28
6700,28
6701,28
6702,28
6703,28
6704,27
6705,27
6706,27
6707,15
6708,32
6709,28
6710,28
6711,33
6712,33
6713,34
6715,27
6718,28
6719,28
6720,16
6721,16
6722,22
6723,28
6726,7
6727,9
6728,9
6729,7
6730,31
6731,31
6733,31
6734,31
6735,31
6736,31
6737,31
6738,31
6739,16
6740,11
6744,29
6745,23
6746,29
6747,29
6748,28
6749,28
6750,28
6751,23
6752,28
6753,28
6754,28
6755,23
6756,28
6757,28
6758,28
6760,28
6761,27
6762,28
6763,27
6764,28
6765,28
6766,28
6767,28
6768,28
6769,28
6770,28
6772,28
6773,6
6774,6
6775,6
6781,17
6782,30
6783,27
6784,27
6785,27
6788,9
6789,9
6790,22
6791,22
6792,29
6793,29
6803,30
6804,17
6805,29
6806,29
6807,23
6808,29
6809,29
6810,27
6811,27
6812,27
6813,27
6814,27
6815,27
6816,27
6817,27
6818,5
6819,9
6820,9
6821,17
6822,17
6823,17
6824,23
6825,23
6826,23
6827,23
6828,23
6829,16
6830,9
6831,16
6832,16
6835,9
6836,9
6837,9
6838,2
6839,7
6840,16
6841,16
6842,22
6843,22
6844,27
6845,27
6846,28
6847,16
6848,16
6849,16
6850,16
6851,16
6852,16
6853,11
6854,28
6855,23
6856,28
6857,28
6858,16
6859,16
6861,16
6862,36
6863,27
6864,36
6865,36
6866,36
6869,11
6870,27
6871,33
6872,33
6874,27
6875,36
6876,16
6877,11
6878,30
6879,30
6881,17
6882,30
6884,15
6886,15
6888,15
6889,15
6890,15
6891,32
6892,32
6893,32
6894,32
6897,16
6898,16
6899,23
6900,32
6906,27
6907,33
6908,23
6909,23
6910,23
6911,29
6912,26
6913,29
6914,29
6916,29
6917,29
6918,29
6920,22
6921,22
6923,22
6924,22
6925,5
6926,30
6928,17
6934,11
6935,33
6936,27
6937,27
6938,27
6939,27
6940,27
6941,27
6942,33
6943,27
6944,27
6945,33
6946,27
6947,16
6948,16
6949,18
6950,29
6953,38
6956,34
6957,27
6958,27
6959,17
6962,17
6964,20
6965,28
6966,23
6967,28
6968,27
6969,23
6970,27
6971,23
6972,23
6973,23
6974,23
6975,23
6976,16
6977,16
6978,16
6979,16
6981,16
6982,11
6983,28
6984,11
6985,19
6986,22
6992,22
6993,5
6994,9
6995,9
6996,7
6997,9
6998,28
7000,24
7001,24
7003,24
7004,23
7005,29
7006,29
7007,29
7008,29
7009,29
7010,20
7012,32
7013,16
7014,16
7015,18
7016,28
7017,28
7018,23
7019,23
7020,23
7021,23
7022,16
7023,16
7024,22
7025,22
7026,28
7027,16
7028,16
7044,23
7045,23
7046,16
7048,16
7049,9
7050,9
7051,9
7052,9
7053,9
7054,2
7055,23
7056,23
7057,23
7058,27
7059,23
7060,23
7061,27
7062,27
7063,23
7066,27
7067,11
7068,36
7069,27
7070,27
7071,27
7072,27
7073,36
7074,36
7075,36
7076,27
7077,16
7078,16
7080,33
7081,33
7082,33
7083,33
7084,27
7088,27
7089,27
7090,36
7091,27
7092,27
7093,36
7094,36
7095,27
7096,36
7097,23
7098,23
7103,20
7104,20
7108,20
7111,20
7116,24
7121,23
7122,23
7123,36
7124,36
7125,36
7126,36
7127,27
7128,27
7129,27
7130,27
7138,9
7139,22
7140,19
7141,22
7142,9
7143,9
7144,9
7145,2
7146,9
7147,9
7148,9
7149,9
7150,2
7151,9
7155,22
7156,22
7157,22
7158,22
7159,22
7160,22
7161,11
7162,27
7163,25
7164,11
7165,28
7166,28
7167,11
7168,28
7169,11
7171,16
7172,28
7173,16
7174,16
7175,16
7176,16
7177,16
7178,16
7179,16
7180,16
7181,16
7182,2
7183,16
7184,2
7185,2
7186,2
7187,7
7188,9
7189,7
7190,7
7191,17
7192,17
7193,17
7194,17
7195,17
7196,17
7197,32
7198,17
7199,17
7200,17
7203,23
7204,23
7205,29
7206,23
7207,29
7208,29
7209,16
7210,27
7211,16
7212,16
7213,28
7214,5
7215,5
7217,27
7218,27
7219,16
7220,16
7221,16
7222,16
7223,16
7224,16
7225,5
7226,9
7227,9
7228,9
7229,9
7230,9
7231,9
7232,9
7233,9
7234,15
7235,15
7236,32
7238,17
7239,17
7240,27
7241,27
7243,29
7244,29
7245,22
7249,27
7250,27
7251,27
7252,27
7253,27
7254,23
7255,23
7256,23
7257,28
7258,28
7259,28
7260,29
7261,29
7262,23
7263,23
7264,9
7265,9
7266,9
7267,9
7268,28
7269,29
7270,29
7271,23
7272,23
7273,22
7274,22
7275,27
7276,27
7277,27
7279,28
7280,28
7281,17
7283,23
7284,23
7285,28
7286,28
7287,16
7288,16
7289,30
7290,30
7291,17
7298,9
7299,9
7302,22
7303,30
7304,17
7306,30
7307,9
7308,9
7309,14
7310,14
7311,9
7312,9
7313,9
7314,30
7315,30
7316,29
7317,23
7318,16
7320,27
7321,27
7322,27
7326,24
7327,32
7335,6
7340,6
7343,6
7344,32
7347,32
7357,24
7359,24
7367,24
7377,24
7378,24
7383,24
7387,38
7392,24
7393,24
7395,24
7396,22
7397,22
7399,22
7400,22
7401,22
7402,22
7404,22
7406,22
7408,22
7412,22
7413,22
7414,22
7416,22
7418,22
7419,22
7420,22
7421,22
7422,22
7423,22
7424,22
7425,22
7426,22
7427,22
7428,22
7429,22
7430,22
7432,22
7434,22
7435,22
7436,11
7437,9
7438,9
7439,9
7440,27
7441,27
7442,27
7444,33
7448,29
7449,29
7450,29
7451,29
7452,18
7453,29
7454,29
7455,29
7456,29
7458,18
7459,29
7461,29
7462,29
7464,29
7465,29
7466,29
7467,29
7469,22
7470,22
7471,29
7472,27
7473,27
7474,27
7475,27
7476,27
7477,27
7478,23
7479,23
7480,23
7481,29
7482,26
7483,23
7484,23
7486,26
7487,23
7488,27
7489,27
7490,29
7491,29
7493,29
7494,29
7495,29
7497,29
7498,27
7499,27
7500,27
7501,27
7502,27
7503,27
7504,27
7506,22
7507,22
7508,22
7509,22
7510,22
7512,22
7513,22
7514,22
7515,22
7516,22
7519,22
7520,22
7521,22
7522,22
7524,28
7525,28
7526,28
7527,28
7531,20
7532,20
7533,23
7534,23
7535,23
7536,23
7537,23
7538,23
7539,23
7540,27
7545,27
7546,27
7548,27
7549,27
7550,27
7551,27
7552,27
7553,27
7554,27
7555,27
7559,10
7560,22
7561,18
7562,18
7563,22
7564,27
7565,27
7566,27
7568,27
7569,27
7570,33
7573,28
7574,28
7575,28
7576,33
7577,33
7578,28
7579,28
7580,28
7581,33
7582,28
7583,28
7584,28
7585,28
7586,28
7587,28
7588,28
7590,28
7591,16
7592,16
7593,28
7594,28
7595,28
7596,28
7597,28
7598,9
7599,7
7600,9
7601,31
7602,28
7604,28
7605,32
7606,32
7613,17
7615,32
7617,32
7629,20
7636,26
7637,27
7638,29
7639,29
7649,23
7650,23
7651,28
7652,11
7653,16
7654,16
7655,25
7658,29
7660,28
7661,28
7662,28
7663,28
7666,22
7667,22
7669,22
7670,22
7672,22
7674,22
7676,22
7678,22
7679,22
7681,22
7682,22
7683,22
7684,22
7686,22
7688,22
7689,22
7691,22
7692,22
7693,22
7694,16
7695,16
7696,16
7697,3
7699,17
7700,17
7701,17
7702,15
7703,17
7707,27
7709,28
7710,28
7711,27
7713,28
7715,28
7716,28
7718,28
7720,28
7721,27
7722,27
7723,27
7724,27
7726,28
7727,28
7730,27
7732,27
7733,15
7734,15
7735,15
7736,15
7737,15
7738,15
7739,15
7740,15
7741,15
7742,15
7743,15
7744,15
7745,17
7746,15
7747,17
7748,15
7751,20
7752,17
7754,17
7755,17
7757,17
7758,17
7759,17
7760,17
7761,17
7762,17
7763,17
7764,20
7765,20
7766,17
7767,17
7768,17
7769,17
7770,17
7772,17
7773,17
7774,17
7775,17
7777,17
7778,17
7779,17
7781,17
7782,17
7783,17
7784,20
7786,20
7787,20
7788,20
7789,20
7790,20
7791,20
7792,20
7794,20
7796,20
7797,20
7798,20
7799,20
7800,20
7801,20
7803,6
7805,6
7806,6
7807,20
7808,20
7811,6
7812,20
7813,6
7817,24
7818,6
7819,6
7820,24
7822,6
7824,6
7826,6
7827,20
7830,6
7831,20
7832,6
7833,6
7834,6
7836,16
7837,16
7838,16
7840,16
7841,16
7842,16
7843,16
7844,16
7845,16
7846,16
7847,16
7848,16
7849,16
7850,16
7851,16
7852,16
7853,16
7854,16
7855,16
7856,16
7857,16
7858,16
7859,16
7860,24
7861,15
7862,24
7863,24
7867,24
7869,24
7877,6
7879,20
7886,24
7887,20
7888,27
7889,27
7890,33
7891,33
7892,33
7894,28
7899,33
7900,33
7902,28
7903,28
7905,34
7906,28
7907,33
7908,33
7909,33
7910,33
7911,27
7912,27
7913,27
7914,27
7915,27
7916,27
7917,27
7918,27
7919,27
7920,27
7921,27
7922,27
7923,27
7924,28
7925,28
7926,28
7927,28
7928,28
7929,28
7930,28
7931,28
7933,27
7934,31
7935,9
7936,9
7938,16
7942,20
7944,20
7945,20
7946,32
7950,32
7953,32
7955,32
7956,32
7959,32
7960,17
7963,17
7964,17
7966,32
7967,32
7970,32
7973,32
7976,32
7981,32
7984,32
7985,17
7986,32
7987,17
7988,17
7990,7
7991,17
7993,29
7994,29
8000,28
8001,28
8002,27
8003,33
8004,16
8005,29
8006,29
8007,22
8008,22
8009,22
8010,16
8011,16
8013,22
8014,28
8015,16
8016,16
8017,16
8018,16
8019,16
8020,28
8021,28
8022,16
8023,28
8024,16
8025,22
8026,22
8027,22
8028,22
8029,22
8030,22
8032,22
8034,22
8035,22
8036,22
8038,22
8039,22
8040,22
8041,22
8042,22
8043,22
8044,22
8051,20
8052,17
8054,17
8055,17
8058,17
8059,3
8060,3
8061,3
8062,15
8063,15
8064,15
8066,24
8070,24
8071,24
8072,24
8074,15
8075,17
8079,24
8080,6
8087,16
8088,20
8094,32
8097,24
8104,15
8105,30
8106,15
8107,15
8110,38
8117,15
8118,30
8119,9
8120,16
8121,9
8122,9
8123,9
8124,9
8125,9
8126,9
8127,9
8128,9
8129,9
8130,9
8131,14
8132,14
8133,16
8134,9
8135,9
8136,9
8137,9
8138,14
8139,14
8140,9
8141,14
8142,9
8143,14
8144,9
8145,14
8146,9
8147,14
8148,9
8149,14
8150,14
8151,9
8152,14
8153,9
8154,14
8155,14
8156,14
8157,14
8158,9
8159,9
8160,9
8161,9
8162,9
8163,9
8164,9
8165,9
8166,9
8167,14
8168,9
8169,2
8170,9
8171,2
8172,9
8173,9
8174,2
8175,9
8176,9
8177,9
8178,2
8179,9
8180,9
8181,9
8182,9
8183,9
8184,9
8185,9
8186,9
8187,9
8188,9
8189,9
8190,9
8191,4
8192,9
8193,4
8194,9
8195,9
8196,9
8197,9
8198,9
8199,9
8200,9
8201,5
8202,9
8203,4
8204,9
8205,4
8206,4
8207,9
8208,4
8209,4
8210,9
8211,9
8212,5
8213,9
8214,5
8215,9
8216,9
8217,5
8218,9
8219,4
8221,15
8222,15
8223,30
8224,30
8225,30
8228,5
8229,5
8230,30
8231,30
8232,30
8235,30
8236,30
8237,30
8239,30
8241,30
8242,17
8243,17
8244,17
8246,17
8247,30
8248,30
8250,30
8252,30
8254,30
8255,30
8256,30
8257,30
8258,30
8259,17
8260,17
8261,17
8262,17
8263,30
8264,30
8265,30
8266,9
8267,2
8268,7
8269,9
8270,7
8271,32
8272,27
8273,27
8274,15
8275,15
8276,23
8277,27
8279,28
8280,28
8283,20
8288,6
8291,20
8294,27
8295,28
8296,27
8298,27
8299,13
8300,13
8301,13
8302,13
8303,22
8304,8
8305,19
8306,24
8307,21
8308,24
8309,8
8310,15
8311,15
8312,21
8313,22
8314,3
8315,15
8316,13
8317,13
8318,21
8319,24
8320,19
8321,19
8322,24
8323,21
8324,21
8325,24
8326,15
8327,15
8328,3
8329,15
8330,15
8331,15
8332,19
8333,22
8334,24
8335,8
8336,24
8337,22
8338,19
8339,15
8340,15
8341,22
8342,21
8343,15
8344,8
8345,24
8346,21
8347,15
8348,15
8349,15
8350,3
8351,15
8352,21
8353,24
8354,13
8355,13
8356,24
8357,21
8358,19
8359,19
8360,15
8361,15
8362,15
8363,15
8364,15
8365,15
8366,3
8367,15
8368,3
8369,15
8370,22
8371,21
8372,15
8373,15
8374,22
8375,13
8376,22
8377,19
8378,3
8379,15
8380,15
8381,15
8382,24
8383,21
8384,15
8385,15
8386,3
8387,15
8388,15
8389,15
8390,15
8391,21
8392,24
8393,24
8394,8
8395,3
8396,15
8398,38
8405,22
8406,22
8407,12
8408,22
8409,22
8410,19
8411,27
8412,27
8413,27
8414,31
8415,15
8419,17
8420,17
8421,15
8422,15
8423,15
8424,15
8425,15
8426,15
8427,15
8428,15
8429,15
8430,17
8431,15
8433,15
8434,15
8435,15
8436,15
8439,17
8440,17
8441,15
8442,15
8443,17
8444,15
8446,17
8448,15
8452,15
8453,15
8454,15
8455,15
8456,17
8457,17
8458,27
8459,22
8460,22
8462,27
8463,27
8464,33
8465,33
8466,33
8467,27
8468,27
8469,38
8470,38
8472,38
8474,38
8476,28
8478,28
8479,28
8480,28
8481,11
8483,22
8484,22
8486,23
8487,23
8488,28
8489,28
8490,28
8491,28
8492,23
8493,23
8494,23
8495,23
8496,23
8497,29
8498,23
8499,28
8500,23
8501,29
8502,23
8503,23
8504,29
8505,23
8506,29
8507,23
8508,29
8510,29
8511,29
8512,29
8513,29
8514,29
8515,29
8516,16
8517,25
8518,22
8519,22
8520,28
8521,16
8523,8
8528,24
8529,24
8537,32
8542,32
8576,32
8589,32
8590,32
8598,6
8599,6
8601,27
8602,27
8606,34
8607,28
8609,28
8610,34
8611,28
8612,28
8613,34
8615,28
8617,28
8618,28
8619,28
8620,23
8621,28
8622,23
8623,28
8624,28
8625,28
8626,28
8627,23
8628,23
8629,23
8630,28
8631,23
8632,28
8633,23
8634,23
8635,23
8636,23
8637,23
8638,27
8639,23
8640,28
8641,23
8642,23
8643,23
8644,27
8645,27
8646,16
8647,2
8648,28
8650,15
8651,15
8652,32
8653,15
8654,12
8655,22
8656,13
8657,13
8658,13
8659,9
8660,13
8661,13
8664,15
8665,15
8666,15
8667,28
8668,28
8669,28
8670,23
8671,27
8673,27
8674,28
8675,23
8676,23
8677,28
8678,27
8679,23
8680,23
8681,28
8682,23
8683,28
8684,23
8685,23
8686,27
8687,33
8688,27
8689,27
8690,27
8691,27
8692,27
8693,28
8694,27
8695,23
8696,23
8697,23
8698,23
8699,29
8700,23
8701,27
8702,27
8703,27
8704,33
8705,27
8706,33
8707,33
8708,27
8709,27
8710,23
8711,23
8712,28
8713,23
8714,23
8715,23
8716,29
8717,23
8718,27
8719,33
8720,27
8723,22
8724,19
8725,24
8726,15
8727,24
8729,22
8730,22
8733,20
8734,37
8738,30
8741,20
8746,15
8750,30
8751,30
8752,15
8753,30
8754,15
8755,17
8756,32
8757,17
8758,20
8759,20
8761,20
8762,30
8763,30
8764,15
8765,30
8766,15
8767,30
8768,15
8770,15
8772,17
8776,15
8777,15
8778,15
8779,30
8780,17
8781,17
8783,15
8784,15
8785,17
8788,32
8789,20
8790,20
8791,15
8792,30
8793,30
8794,30
8795,32
8796,32
8798,17
8802,20
8806,20
8807,17
8808,17
8811,20
8813,30
8814,32
8815,32
8816,30
8817,15
8819,17
8820,15
8821,32
8822,32
8823,17
8824,20
8826,30
8829,17
8830,17
8832,30
8833,15
8834,30
8838,16
8839,16
8840,36
8841,27
8842,36
8848,32
8849,32
8850,6
8851,6
8852,6
8853,6
8859,6
8860,6
8861,6
8865,6
8866,20
8868,20
8869,20
8870,6
8872,6
8873,6
8874,24
8875,34
8876,16
8877,16
8878,16
8879,32
8880,32
8881,23
8882,23
8883,23
8884,23
8885,23
8886,23
8887,27
8888,23
8889,23
8891,24
8892,22
8893,15
8894,15
8895,30
8896,15
8898,15
8899,30
8900,15
8902,15
8903,15
8905,15
8907,17
8910,15
8912,32
8913,15
8914,30
8915,15
8917,17
8918,17
8919,15
8920,32
8921,17
8922,17
8923,15
8924,30
8925,32
8926,32
8927,32
8928,15
8930,15
8931,17
8932,30
8933,15
8934,15
8936,17
8937,17
8938,15
8939,15
8940,15
8942,15
8943,17
8944,30
8945,15
8947,17
8948,30
8949,15
8950,15
8951,15
8956,15
8957,15
8958,15
8960,15
8961,17
8962,15
8963,30
8964,15
8965,17
8966,15
8968,17
8969,27
8970,27
8971,34
8972,27
8973,27
8974,27
8975,27
8976,27
8977,27
8978,22
8979,22
8981,22
8982,22
8985,22
8986,22
8987,22
8990,22
8991,27
8992,27
8993,27
8994,16
8995,11
8996,22
8997,22
8998,22
9001,20
9003,17
9006,17
9008,17
9009,15
9010,15
9011,15
9013,17
9014,17
9015,17
9016,17
9017,15
9018,15
9019,15
9021,17
9022,17
9024,29
9025,29
9026,36
9029,33
9030,32
9034,16
9035,16
9036,16
9037,16
9038,16
9039,33
9041,33
9043,22
9044,19
9045,28
9046,27
9047,27
9049,33
9050,33
9051,33
9052,17
9054,7
9055,9
9056,9
9057,9
9058,17
9059,32
9060,7
9061,16
9062,16
9063,16
9064,16
9065,16
9066,28
9067,28
9068,23
9069,27
9070,22
9071,16
9072,16
9073,30
9074,30
9075,27
9076,27
9077,33
9078,27
9080,27
9081,23
9082,23
9083,16
9084,25
9085,28
9086,28
9087,27
9088,27
9089,32
9091,32
9092,32
9093,32
9094,32
9096,17
9097,32
9098,32
9099,32
9100,27
9101,27
9102,27
9103,27
9104,23
9105,23
9106,23
9107,15
9108,8
9109,30
9110,30
9111,19
9112,22
9113,23
9115,29
9116,28
9117,28
9118,25
9120,29
9122,29
9123,29
9124,28
9125,28
9126,29
9127,26
9128,23
9129,23
9130,28
9131,28
9132,23
9133,28
9134,28
9135,28
9136,28
9137,23
9138,27
9140,27
9141,27
9142,27
9143,27
9144,27
9145,27
9146,27
9147,27
9148,27
9151,33
9152,28
9153,28
9154,4
9155,9
9156,15
9158,29
9159,23
9160,20
9161,15
9164,20
9165,10
9166,10
9168,29
9169,29
9170,29
9171,29
9172,29
9175,10
9176,10
9177,10
9178,10
9179,10
9180,10
9181,10
9182,10
9184,20
9185,17
9186,17
9187,22
9188,22
9189,27
9190,27
9191,27
9192,28
9193,1
9194,9
9197,29
9198,29
9199,23
9200,29
9201,29
9202,29
9203,29
9204,29
9205,9
9206,9
9207,13
9208,9
9209,9
9210,13
9211,13
9212,13
9213,13
9214,9
9215,28
9216,28
9217,15
9218,0
9219,22
9220,0
9221,22
9222,0
9223,0
9224,28
9225,28
9226,28
9227,28
9228,27
9229,28
9230,28
9234,33
9235,33
9237,22
9238,12
9239,29
9240,10
9242,17
9246,20
9247,13
9248,13
9249,22
9250,19
9251,18
9252,22
9253,23
9254,23
9255,23
9256,23
9257,29
9258,23
9259,29
9260,23
9261,27
9262,27
9263,9
9264,16
9265,16
9266,16
9267,16
9268,16
9269,16
9270,16
9271,16
9272,16
9273,16
9274,16
9275,16
9276,16
9277,16
9278,16
9279,16
9280,16
9281,16
9282,16
9283,16
9284,16
9285,16
9286,16
9287,16
9288,16
9289,16
9290,16
9291,16
9292,16
9293,16
9294,16
9295,16
9296,16
9297,16
9298,16
9299,16
9300,28
9301,28
9303,23
9304,28
9305,28
9306,28
9307,28
9308,29
9309,29
9310,22
9313,22
9316,29
9317,29
9318,23
9319,29
9320,23
9321,29
9322,15
9323,30
9324,15
9325,23
9326,23
9327,28
9328,28
9331,17
9332,17
9333,28
9334,17
9336,12
9337,22
9339,33
9340,29
9341,29
9342,29
9343,11
9344,14
9345,29
9346,29
9347,23
9348,23
9349,23
9350,23
9351,28
9352,28
9353,17
9354,15
9355,17
9358,22
9363,22
9367,24
9368,15
9369,17
9371,17
9376,17
9377,17
9380,15
9383,17
9387,24
9393,32
9394,32
9395,22
9396,22
9397,25
9398,25
9399,28
9401,28
9402,28
9403,28
9405,28
9406,28
9407,36
9408,28
9409,28
9410,28
9411,28
9412,28
9413,34
9415,28
9420,23
9421,23
9425,20
9436,6
9437,24
9440,27
9442,17
9443,28
9444,28
9445,28
9446,27
9447,17
9449,1
9450,9
9451,9
9452,9
9454,9
9455,9
9456,9
9457,9
9458,9
9462,15
9463,15
9464,28
9465,28
9466,28
9467,11
9468,28
9469,23
9470,23
9471,23
9472,28
9473,23
9474,23
9475,26
9476,26
9477,26
9478,23
9479,29
9480,29
9481,29
9482,29
9483,29
9484,15
9485,15
9486,15
9487,15
9488,10
9489,16
9490,12
9491,22
9492,16
9493,16
9496,16
9497,28
9498,28
9499,16
9500,16
9502,28
9503,22
9504,22
9505,9
9506,9
9507,9
9508,28
9509,28
9510,2
9511,16
9512,9
9513,9
9514,14
9515,9
9516,1
9517,9
9518,17
9519,17
9520,31
9521,9
9522,9
9523,9
9524,17
9525,10
9526,23
9527,23
9528,29
9529,29
9530,10
9531,23
9532,29
9533,29
9534,10
9535,29
9536,29
9537,29
9539,15
9540,15
9541,15
9542,15
9544,15
9546,16
9547,16
9548,23
9549,23
9550,23
9551,23
9552,16
9553,18
9554,17
9555,28
3,15
4,30
14,15
27,24
31,24
32,24
35,32
36,32
37,32
38,32
39,32
40,32
50,24
53,24
61,17
76,27
104,24
110,27
128,24
129,24
130,24
135,24
143,28
144,28
145,33
149,24
150,24
151,24
152,20
153,24
154,24
155,32
156,32
162,24
164,28
177,22
182,28
188,32
189,32
190,32
196,22
201,32
202,32
213,32
214,32
215,32
217,20
220,28
227,24
228,20
229,24
230,20
232,20
233,20
239,24
249,33
251,24
252,24
253,24
262,32
263,32
264,32
267,20
269,24
270,24
274,38
277,32
278,32
281,15
282,15
284,20
285,20
290,32
302,32
303,32
304,32
307,32
308,32
309,32
316,24
317,24
320,24
322,24
323,24
326,24
328,6
334,24
336,24
342,24
344,24
347,24
350,24
352,24
353,24
354,24
356,24
358,24
361,24
367,24
371,24
374,24
375,24
376,24
379,24
381,24
382,24
393,27
411,28
420,33
424,33
426,33
428,33
433,33
467,29
469,38
470,38
471,38
472,38
473,38
474,38
478,20
480,20
481,20
483,20
484,20
486,20
487,20
492,33
493,33
495,33
497,33
501,24
502,24
503,24
504,24
505,24
506,24
508,24
511,24
512,24
513,24
531,22
533,32
534,32
536,32
537,32
538,32
540,32
541,32
542,32
543,32
544,32
545,32
546,32
547,32
548,32
549,32
550,32
552,32
553,32
554,32
555,32
556,32
557,32
559,32
560,32
561,32
562,32
563,32
564,32
565,32
566,32
567,32
568,32
570,20
571,20
572,20
573,20
575,20
577,20
578,20
579,20
580,20
581,20
582,20
632,9
662,31
665,31
699,24
700,24
701,32
702,32
704,24
705,24
707,24
709,24
710,24
711,24
712,24
715,24
716,24
717,24
718,32
719,32
721,24
724,24
726,24
727,24
728,24
797,27
912,24
923,24
924,24
941,15
968,17
981,15
982,15
984,15
992,20
995,20
997,20
998,20
1000,17
1001,17
1019,20
1020,20
1038,20
1040,20
1044,24
1045,20
1055,20
1056,24
1058,6
1060,20
1062,6
1065,20
1066,20
1068,20
1073,6
1074,24
1079,24
1081,20
1083,24
1085,24
1089,24
1091,24
1093,24
1096,24
1101,24
1103,24
1104,24
1105,24
1109,24
1110,24
1112,24
1113,24
1114,24
1118,24
1121,24
1126,24
1127,24
1128,24
1129,32
1130,32
1131,32
1132,32
1133,32
1136,32
1137,32
1140,32
1141,38
1142,38
1144,38
1147,38
1148,38
1150,38
1151,38
1153,38
1154,38
1155,38
1157,38
1158,38
1159,38
1160,38
1161,32
1164,38
1166,38
1169,32
1171,32
1172,38
1174,38
1175,38
1176,38
1177,38
1178,38
1180,38
1181,38
1182,38
1183,38
1191,9
1207,31
1222,29
1231,29
1233,20
1234,37
1235,20
1236,24
1237,37
1238,20
1239,20
1242,20
1243,24
1250,32
1254,32
1258,20
1259,20
1260,20
1261,20
1265,17
1272,23
1286,34
1294,27
1295,27
1335,38
1336,38
1337,38
1338,38
1339,38
1340,38
1341,38
1342,38
1344,38
1345,38
1346,38
1347,38
1348,38
1349,38
1350,38
1351,17
1352,15
1356,30
1363,30
1367,30
1368,23
1371,28
1380,27
1382,27
1390,33
1392,33
1396,33
1399,30
1400,30
1435,38
1436,38
1437,38
1438,38
1459,24
1461,24
1464,23
1465,23
1468,23
1471,23
1629,30
1630,30
1653,29
1681,22
1726,22
1792,36
1793,36
1796,36
1798,24
1799,24
1801,33
1824,22
1850,24
1871,24
1875,24
1884,24
1890,24
1904,17
1927,29
1933,35
1935,32
1937,17
1939,17
1942,30
1943,30
1944,30
1951,30
1952,30
1953,38
1954,38
1955,38
1956,38
1957,38
1959,38
1960,32
1961,32
1962,38
1963,38
1964,38
1965,35
1966,35
1967,35
1968,35
1969,35
1970,35
1971,35
1973,32
1974,32
1975,32
1976,32
1977,32
2000,27
2050,23
2059,20
2060,20
2075,38
2076,38
2122,27
2129,34
2132,27
2135,33
2137,27
2159,28
2161,28
2163,28
2164,33
2166,33
2167,33
2168,33
2170,33
2176,27
2211,28
2222,29
2228,29
2232,37
2233,37
2234,20
2235,37
2236,37
2237,37
2238,37
2239,37
2240,20
2241,37
2242,20
2243,20
2244,20
2245,34
2246,34
2247,34
2250,34
2252,34
2281,16
2294,24
2309,20
2310,20
2311,20
2312,20
2324,32
2325,32
2326,32
2331,15
2337,17
2338,35
2339,32
2340,35
2341,35
2342,32
2343,35
2344,32
2345,32
2346,38
2347,32
2348,38
2349,38
2350,38
2352,38
2353,38
2354,38
2363,9
2377,9
2378,38
2379,38
2381,30
2382,30
2384,30
2390,30
2393,30
2395,30
2413,17
2417,17
2421,17
2425,20
2426,20
2429,20
2434,20
2435,20
2439,20
2440,20
2442,20
2443,20
2448,20
2451,20
2453,20
2456,20
2457,20
2458,20
2459,20
2460,20
2461,20
2464,20
2465,20
2468,20
2469,20
2470,20
2471,20
2472,20
2473,20
2474,20
2475,20
2476,20
2478,20
2479,20
2480,20
2481,20
2482,24
2484,20
2486,6
2487,20
2489,20
2490,20
2491,20
2492,20
2493,20
2494,20
2496,20
2497,20
2498,37
2499,20
2500,20
2501,20
2502,20
2503,20
2504,20
2506,20
2507,20
2509,20
2510,24
2511,24
2512,20
2513,24
2514,20
2515,24
2516,24
2517,24
2518,24
2519,24
2520,20
2521,20
2522,24
2523,24
2525,24
2526,24
2528,20
2532,32
2534,32
2536,32
2537,20
2538,24
2539,32
2540,20
2542,20
2543,24
2545,24
2546,24
2547,20
2549,20
2550,20
2551,20
2552,24
2553,20
2554,20
2555,20
2557,20
2558,24
2560,20
2564,32
2565,32
2566,32
2568,32
2569,32
2572,30
2573,30
2575,30
2577,30
2578,30
2586,27
2591,27
2593,27
2595,33
2598,17
2626,33
2629,20
2631,24
2633,24
2638,28
2639,28
2643,32
2651,34
2652,34
2655,34
2656,34
2657,34
2661,28
2668,33
2670,33
2675,33
2678,28
2719,30
2720,30
2721,17
2723,17
2726,17
2730,20
2731,20
2732,20
2734,20
2736,17
2762,20
2764,20
2765,20
2767,20
2768,20
2769,20
2770,20
2771,20
2772,24
2774,20
2775,20
2776,32
2779,32
2780,32
2793,32
2794,32
2840,36
2841,36
2845,36
2848,20
2849,20
2851,20
2852,20
2855,20
2856,20
2859,20
2861,20
2862,20
2863,20
2864,20
2868,17
2869,20
2881,20
2883,20
2886,20
2887,20
2888,20
2889,20
2890,20
2892,20
2900,27
2903,27
2915,38
2917,38
2931,27
2940,22
2945,22
2951,38
2952,38
2953,38
2954,38
2955,38
2956,38
2965,33
2966,33
2970,23
2977,30
2989,32
2990,32
2991,32
2992,20
3013,37
3014,37
3015,20
3016,37
3019,37
3020,37
3021,37
3022,37
3023,37
3038,32
3039,32
3041,32
3070,24
3112,30
3121,17
3123,17
3124,17
3127,17
3132,30
3143,32
3144,32
3146,32
3147,32
3148,32
3159,34
3188,31
3189,33
3190,33
3192,33
3197,33
3200,33
3201,33
3221,16
3285,30
3288,30
3289,30
3297,30
3303,30
3310,15
3311,17
3316,17
3317,17
3318,17
3320,32
3322,32
3332,17
3344,20
3347,20
3351,20
3356,20
3357,20
3361,20
3362,20
3363,20
3365,20
3366,20
3369,20
3372,20
3374,20
3375,20
3378,20
3380,32
3385,34
3388,34
3389,34
3393,34
3401,33
3402,33
3403,33
3404,20
3407,20
3408,17
3412,17
3417,20
3418,20
3419,32
3420,32
3421,32
3422,32
3423,32
3428,32
3451,29
3491,27
3493,27
3501,32
3502,32
3503,32
3504,32
3505,24
3506,24
3507,24
3508,24
3510,20
3511,32
3512,32
3513,24
3514,24
3516,24
3518,24
3519,24
3520,24
3521,24
3586,9
3644,11
3651,30
3691,32
3694,30
3695,20
3709,16
3726,24
3727,20
3728,20
3729,24
3730,24
3731,24
3743,29
3760,38
3761,38
3762,38
3763,38
3778,36
3780,36
3781,36
3782,36
3783,36
3786,33
3787,33
3788,33
3831,33
3832,33
3837,33
3843,30
3845,17
3849,30
3850,30
3852,30
3853,30
3883,20
3884,20
3885,37
3887,20
3888,20
3889,37
3890,24
3891,24
3892,24
3901,27
3902,36
3904,36
3925,27
3953,33
3955,33
3956,33
3957,33
3960,33
3962,33
3998,22
4009,27
4019,33
4020,33
4021,33
4032,32
4067,38
4068,32
4069,38
4070,32
4071,38
4072,32
4073,38
4074,38
4075,32
4076,38
4077,38
4078,38
4079,38
4080,32
4085,32
4086,32
4087,32
4088,32
4089,32
4090,24
4092,24
4093,24
4094,32
4109,34
4110,34
4111,34
4121,20
4122,20
4124,20
4127,34
4128,34
4129,34
4140,20
4144,32
4146,32
4150,38
4151,38
4155,24
4156,24
4157,32
4158,32
4159,32
4160,20
4161,32
4162,24
4163,24
4164,24
4165,32
4167,24
4168,24
4170,20
4171,20
4175,32
4179,20
4180,20
4182,20
4183,20
4185,37
4186,24
4187,24
4189,32
4193,32
4197,20
4198,20
4199,20
4200,20
4203,20
4204,20
4207,17
4212,22
4225,27
4228,33
4244,31
4246,33
4247,33
4249,33
4250,33
4251,28
4294,9
4302,20
4304,20
4306,20
4307,20
4308,20
4309,20
4317,24
4332,30
4337,30
4343,30
4363,20
4364,20
4365,20
4368,20
4369,20
4373,20
4374,20
4375,20
4386,20
4394,28
4401,20
4402,20
4403,20
4404,20
4406,20
4408,20
4409,17
4413,20
4414,20
4427,29
4434,20
4436,31
4453,31
4454,38
4455,38
4456,38
4465,30
4478,32
4507,20
4508,20
4512,20
4513,20
4514,20
4515,20
4516,20
4517,20
4518,20
4519,20
4520,20
4521,20
4522,20
4524,20
4526,20
4528,20
4529,37
4530,37
4531,37
4532,37
4533,20
4534,20
4535,37
4536,37
4537,20
4538,37
4539,37
4540,20
4541,37
4542,37
4543,37
4544,37
4545,20
4547,37
4569,30
4575,30
4577,30
4578,30
4584,32
4586,32
4589,32
4590,15
4604,20
4606,20
4610,20
4652,20
4655,20
4658,20
4660,20
4661,20
4662,20
4663,20
4665,20
4666,20
4667,20
4668,20
4669,38
4670,38
4674,30
4678,30
4681,30
4682,30
4683,30
4686,30
4689,30
4694,30
4696,30
4746,17
4751,32
4756,33
4781,16
4782,16
4783,35
4784,35
4785,35
4786,32
4787,32
4788,32
4789,32
4790,32
4818,27
4823,27
4843,36
4859,34
4860,34
4870,28
4879,29
4880,29
4902,22
4904,38
4906,38
4908,38
4909,38
4910,38
4914,17
4915,17
4916,15
4917,17
4918,15
4919,15
4920,15
4922,15
4923,15
4924,15
4925,15
4927,17
4929,24
4931,24
4933,24
4935,24
4936,24
4941,24
4944,24
4946,24
4948,24
4952,24
4956,24
4957,24
4958,24
4960,24
4961,24
4963,20
4964,20
4967,20
4968,20
4969,20
4970,20
4971,20
4972,17
4975,17
4978,17
4979,17
4981,17
4983,17
4984,17
4986,17
4988,17
4992,17
4994,17
4998,17
5000,20
5001,17
5003,17
5005,20
5010,30
5034,24
5036,24
5083,15
5085,15
5100,17
5114,20
5116,20
5117,20
5118,20
5121,20
5124,20
5126,20
5130,20
5132,20
5136,20
5138,20
5140,20
5142,20
5147,20
5150,20
5154,20
5157,20
5158,20
5159,20
5163,20
5165,24
5166,24
5168,24
5169,24
5171,24
5172,20
5173,20
5174,20
5175,37
5176,37
5177,37
5178,37
5179,37
5180,20
5181,37
5182,37
5183,37
5184,20
5185,20
5186,20
5187,20
5189,37
5190,20
5194,20
5196,24
5197,20
5198,32
5200,32
5202,32
5203,32
5204,32
5205,32
5206,32
5207,32
5210,32
5212,24
5213,24
5214,32
5215,32
5216,24
5217,24
5218,32
5219,32
5220,24
5221,32
5222,32
5264,16
5354,17
5372,32
5373,32
5375,28
5378,15
5437,32
5438,32
5439,32
5440,32
5441,32
5442,32
5443,32
5446,32
5447,32
5448,32
5449,32
5450,32
5451,32
5452,32
5453,32
5460,22
5461,22
5470,20
5471,20
5473,20
5474,20
5486,9
5489,20
5508,9
5510,9
5516,30
5526,34
5548,32
5551,20
5552,20
5554,32
5555,24
5557,24
5559,33
5560,33
5562,33
5563,33
5566,33
5567,33
5580,34
5606,32
5607,32
5608,32
5625,32
5626,32
5627,32
5650,36
5656,20
5657,20
5658,20
5659,38
5660,38
5661,38
5662,38
5663,38
5664,38
5665,38
5666,38
5667,38
5668,38
5708,32
5709,32
5710,32
5711,32
5712,32
5713,32
5714,32
5715,32
5716,32
5717,32
5718,32
5725,30
5731,30
5732,30
5798,17
5826,32
5827,32
5828,32
5834,17
5836,17
5838,28
5840,34
5851,35
5852,35
5853,35
5854,35
5855,35
5857,35
5858,35
5859,38
5860,38
5861,32
5862,38
5863,38
5864,38
5865,32
5884,32
5886,20
5887,24
5888,24
5889,24
5890,32
5891,24
5892,24
5893,24
5894,24
5915,29
5916,29
5917,38
5918,38
5919,32
5923,30
5924,30
6031,30
6034,32
6040,32
6042,32
6043,32
6049,38
6050,38
6051,38
6052,38
6053,38
6054,33
6063,24
6064,24
6065,24
6066,24
6067,24
6068,24
6073,22
6075,28
6077,33
6105,36
6108,36
6109,36
6110,36
6112,32
6113,35
6114,35
6115,32
6116,35
6117,35
6118,35
6119,34
6138,30
6139,30
6140,30
6146,30
6147,32
6148,32
6149,32
6169,37
6170,37
6258,30
6269,32
6285,30
6288,30
6289,30
6291,30
6294,30
6295,30
6298,15
6301,15
6304,30
6309,30
6317,32
6318,32
6319,32
6323,20
6324,20
6326,20
6329,20
6330,20
6331,20
6334,33
6338,32
6353,31
6390,29
6404,20
6408,20
6409,20
6410,20
6413,20
6414,20
6416,20
6417,20
6418,20
6419,20
6420,20
6421,20
6422,16
6434,28
6447,32
6448,35
6449,32
6472,36
6487,20
6489,32
6490,32
6491,37
6492,37
6493,37
6494,20
6495,20
6526,38
6527,38
6537,24
6538,24
6540,24
6541,24
6542,24
6543,20
6545,20
6546,20
6547,32
6548,32
6549,24
6550,32
6551,24
6552,32
6554,32
6555,32
6556,24
6557,32
6558,24
6559,32
6561,24
6562,32
6563,32
6571,24
6574,24
6578,30
6584,33
6667,32
6668,32
6670,24
6671,24
6672,24
6673,24
6697,33
6698,33
6714,34
6716,27
6717,34
6724,32
6725,32
6732,31
6741,32
6742,32
6743,24
6759,28
6771,28
6776,24
6777,24
6778,24
6779,24
6780,24
6786,30
6787,30
6794,32
6795,35
6796,35
6797,35
6798,35
6799,35
6800,35
6801,33
6802,33
6833,33
6834,33
6860,16
6867,36
6868,36
6873,36
6880,30
6883,30
6885,30
6887,17
6895,32
6896,32
6901,38
6902,38
6903,38
6904,38
6905,32
6915,29
6919,22
6922,22
6927,30
6929,32
6930,32
6931,32
6932,32
6933,32
6951,38
6952,38
6954,38
6955,38
6960,17
6961,17
6963,20
6980,16
6987,24
6988,24
6989,24
6990,24
6991,20
6999,24
7002,24
7011,20
7029,38
7030,38
7031,38
7032,38
7033,38
7034,38
7035,38
7036,38
7037,38
7038,37
7039,20
7040,24
7041,20
7042,37
7043,37
7064,38
7065,38
7079,33
7085,20
7086,20
7087,24
7099,20
7100,20
7101,37
7102,20
7105,20
7106,20
7107,37
7109,20
7110,24
7112,32
7113,20
7114,24
7115,20
7117,20
7118,24
7119,24
7120,24
7131,32
7132,32
7133,32
7134,32
7135,32
7136,38
7137,38
7152,35
7153,35
7154,35
7170,28
7201,30
7202,30
7216,5
7237,32
7242,20
7246,38
7247,38
7248,38
7278,28
7282,30
7292,24
7293,24
7294,24
7295,38
7296,38
7297,38
7300,24
7301,24
7305,30
7319,16
7323,38
7324,38
7325,24
7328,24
7329,32
7330,32
7331,32
7332,32
7333,32
7334,24
7336,24
7337,32
7338,24
7339,24
7341,24
7342,24
7345,32
7346,32
7348,24
7349,32
7350,38
7351,38
7352,38
7353,38
7354,24
7355,24
7356,24
7358,24
7360,24
7361,24
7362,24
7363,24
7364,24
7365,24
7366,38
7368,38
7369,38
7370,38
7371,38
7372,38
7373,38
7374,38
7375,24
7376,38
7379,24
7380,24
7381,24
7382,32
7384,32
7385,38
7386,38
7388,38
7389,38
7390,24
7391,24
7394,24
7398,22
7403,22
7405,22
7407,22
7409,22
7410,22
7411,22
7415,22
7417,22
7431,22
7433,22
7443,33
7445,33
7446,33
7447,29
7457,29
7460,29
7463,29
7468,29
7485,23
7492,29
7496,29
7505,22
7511,22
7517,22
7518,22
7523,28
7528,20
7529,20
7530,20
7541,36
7542,36
7543,36
7544,36
7547,33
7556,38
7557,38
7558,24
7567,27
7571,33
7572,33
7589,28
7603,28
7607,32
7608,32
7609,32
7610,32
7611,32
7612,32
7614,17
7616,32
7618,32
7619,32
7620,32
7621,32
7622,32
7623,32
7624,20
7625,32
7626,20
7627,32
7628,32
7630,32
7631,32
7632,32
7633,32
7634,32
7635,23
7640,38
7642,38
7644,38
7645,38
7646,38
7647,38
7648,38
7656,29
7657,29
7659,29
7664,22
7665,22
7668,22
7671,22
7675,22
7677,22
7680,22
7685,22
7687,22
7690,22
7698,17
7704,33
7705,33
7706,27
7708,27
7712,28
7714,27
7717,33
7719,33
7725,28
7728,34
7729,34
7731,27
7749,17
7750,17
7753,20
7756,20
7771,20
7776,20
7780,20
7785,20
7793,20
7795,20
7802,20
7804,20
7809,20
7810,20
7814,6
7815,6
7816,24
7821,20
7823,20
7825,20
7828,20
7829,6
7835,6
7839,22
7864,15
7865,24
7866,24
7868,24
7870,24
7871,20
7872,20
7873,20
7874,20
7875,20
7876,24
7878,24
7880,20
7881,20
7882,20
7883,20
7884,20
7885,24
7893,33
7895,33
7896,33
7897,33
7898,33
7901,34
7904,28
7932,28
7937,28
7939,32
7940,32
7941,32
7943,32
7947,32
7948,32
7949,32
7951,32
7952,32
7954,32
7957,32
7958,32
7961,32
7962,32
7965,32
7968,32
7969,32
7971,32
7972,32
7974,32
7975,32
7977,32
7978,32
7979,32
7980,32
7982,32
7983,32
7989,32
7992,28
7995,33
7996,33
7997,33
7998,33
7999,33
8012,22
8031,22
8033,22
8037,22
8045,24
8046,24
8047,24
8048,20
8049,20
8050,20
8053,20
8056,15
8057,17
8065,24
8067,24
8068,24
8069,17
8073,15
8076,24
8077,6
8078,20
8081,20
8082,20
8083,20
8084,17
8085,17
8086,17
8089,24
8090,32
8091,38
8092,38
8093,38
8095,38
8096,24
8098,24
8099,32
8100,32
8101,32
8102,32
8103,32
8108,32
8109,38
8111,38
8112,24
8113,24
8114,38
8115,38
8116,30
8220,30
8226,30
8227,28
8233,30
8234,30
8238,30
8240,30
8245,30
8249,30
8251,30
8253,30
8278,28
8281,37
8282,20
8284,20
8285,20
8286,20
8287,6
8289,20
8290,20
8292,37
8293,37
8397,38
8399,32
8400,38
8401,38
8402,38
8403,38
8404,33
8416,17
8417,15
8418,15
8432,17
8437,17
8438,17
8445,17
8447,17
8449,15
8450,17
8451,15
8461,22
8471,38
8473,38
8475,38
8477,28
8482,22
8485,22
8509,29
8522,30
8524,24
8525,24
8526,24
8527,24
8530,35
8531,35
8532,32
8533,32
8534,38
8535,38
8536,32
8538,32
8539,32
8540,24
8541,32
8543,24
8544,32
8545,32
8546,32
8547,35
8548,35
8549,35
8550,32
8551,35
8552,35
8553,35
8554,35
8555,35
8556,35
8557,35
8558,32
8559,35
8560,35
8561,35
8562,35
8563,35
8564,35
8565,35
8566,35
8567,35
8568,35
8569,35
8570,35
8571,32
8572,35
8573,35
8574,35
8575,32
8577,32
8578,35
8579,35
8580,35
8581,35
8582,35
8583,35
8584,35
8585,35
8586,35
8587,35
8588,32
8591,32
8592,32
8593,38
8594,38
8595,38
8596,38
8597,38
8600,27
8603,34
8604,34
8605,28
8608,34
8614,34
8616,34
8649,28
8662,32
8663,38
8672,28
8721,24
8722,36
8728,24
8731,22
8732,37
8735,20
8736,35
8737,35
8739,32
8740,32
8742,32
8743,32
8744,32
8745,32
8747,20
8748,20
8749,20
8760,20
8769,30
8771,17
8773,20
8774,20
8775,30
8782,30
8786,17
8787,32
8797,17
8799,32
8800,32
8801,20
8803,20
8804,20
8805,20
8809,20
8810,20
8812,30
8818,17
8825,30
8827,17
8828,17
8831,30
8835,20
8836,32
8837,32
8843,20
8844,20
8845,32
8846,32
8847,32
8854,20
8855,20
8856,20
8857,24
8858,24
8862,24
8863,24
8864,24
8867,20
8871,6
8890,24
8897,30
8901,17
8904,30
8906,17
8908,32
8909,32
8911,20
8916,17
8929,15
8935,17
8941,17
8946,17
8952,32
8953,32
8954,20
8955,30
8959,15
8967,17
8980,22
8983,22
8984,22
8988,22
8989,22
8999,22
9000,22
9002,20
9004,15
9005,17
9007,15
9012,17
9020,15
9023,15
9027,36
9028,36
9031,32
9032,32
9033,28
9040,33
9042,32
9048,33
9053,17
9079,33
9090,32
9095,32
9114,29
9119,28
9121,29
9149,33
9150,33
9157,30
9162,20
9163,20
9167,29
9173,32
9174,32
9183,20
9195,33
9196,33
9231,33
9232,33
9233,28
9236,33
9241,32
9243,37
9244,37
9245,20
9302,28
9311,22
9312,22
9314,22
9315,22
9329,28
9330,28
9335,28
9338,35
9356,22
9357,29
9359,28
9360,28
9361,28
9362,28
9364,22
9365,22
9366,24
9370,17
9372,17
9373,17
9374,17
9375,17
9378,17
9379,17
9381,24
9382,24
9384,32
9385,24
9386,24
9388,38
9389,38
9390,38
9391,38
9392,38
9404,28
9414,28
9416,33
9417,33
9418,33
9419,33
9422,32
9423,32
9424,32
9426,32
9427,32
9428,20
9429,32
9430,20
9431,32
9432,32
9433,32
9434,32
9435,32
9438,24
9439,24
9441,17
9448,28
9453,9
9459,9
9460,17
9461,17
9494,20
9495,28
9501,28
9538,15
9543,15
9545,15
9556,38
9557,38
